room_id,rows,mae_y_target_temp_main,mae_y_target_temp_toilet,mae_y_target_light,mae_y_target_sound,airflow_accuracy,airflow_f1
1,32,3.1259658125000005,11.356424234374998,18.49026659375,11.1491060625,0.3125,0.47619047619047616
2,39,3.0124867692307693,11.039021666666667,16.744585730769227,9.425409,0.28205128205128205,0.44
3,26,2.518145384615385,11.195369596153844,16.433109884615387,10.918636807692309,0.38461538461538464,0.5555555555555556
4,37,2.8418566756756753,11.606257905405405,16.814921432432435,9.78076333783784,0.3783783783783784,0.5490196078431373
5,44,2.5969749545454546,11.069707897727271,16.89747496590909,8.878148795454544,0.36363636363636365,0.5333333333333333
6,29,2.268068103448276,11.128943137931037,14.429102482758621,9.380566586206896,0.41379310344827586,0.5853658536585366
7,43,2.516002720930232,11.327791220930232,12.659493941860466,10.247632139534883,0.20930232558139536,0.34615384615384615
8,34,2.181103852941176,11.209803044117647,16.938243323529413,9.826526,0.3235294117647059,0.4888888888888889
9,33,2.7895795151515146,11.382497939393938,11.31961459090909,8.789967196969695,0.36363636363636365,0.5333333333333333
10,35,2.5514180285714287,11.276774757142855,15.36610947142857,8.254886285714285,0.2857142857142857,0.4444444444444444
11,33,2.560235606060607,11.327324727272726,14.999093515151516,10.882805787878787,0.2727272727272727,0.42857142857142855
12,29,2.9451209655172415,10.981565965517241,18.84818094827586,7.551748586206895,0.3103448275862069,0.47368421052631576
13,37,2.5260169459459467,11.278900621621622,17.31014789189189,10.273636905405406,0.35135135135135137,0.52
14,36,3.0809916111111115,11.040376402777776,16.27166381944444,10.885732777777779,0.19444444444444445,0.32558139534883723
15,33,2.4027350909090908,10.889450515151514,16.691510606060604,10.729159454545455,0.30303030303030304,0.46511627906976744
16,43,2.360038813953488,10.999346802325581,16.590047395348837,10.597237639534884,0.2558139534883721,0.4074074074074074
17,38,2.688746710526316,11.233031460526314,15.635373236842108,9.836956131578948,0.3157894736842105,0.48
18,27,2.262976555555556,11.189495388888888,16.318553074074075,9.951406537037037,0.3333333333333333,0.5
19,37,2.0669536486486484,10.883440378378378,15.202633486486484,8.635555513513514,0.13513513513513514,0.23809523809523808
20,31,2.4541730967741944,10.882946580645163,15.865035387096777,9.242459112903227,0.22580645161290322,0.3684210526315789
21,33,3.363883242424243,11.6835205,17.133288454545454,10.758502772727274,0.2727272727272727,0.42857142857142855
22,38,2.782096315789473,11.290593302631581,17.291065907894737,8.54273542105263,0.21052631578947367,0.34782608695652173
23,35,2.506122942857143,11.447532542857143,15.125381071428572,8.290224642857142,0.22857142857142856,0.37209302325581395
24,33,2.893263181818181,11.280392954545455,13.388884106060605,8.609500909090908,0.18181818181818182,0.3076923076923077
25,40,2.7678360499999997,11.153932075,14.671919687500003,11.000094362499999,0.325,0.49056603773584906
26,32,2.77358825,11.2907454375,11.899188640625,8.97669784375,0.34375,0.5116279069767442
27,45,2.1083178666666673,11.119229822222222,14.3248195,10.388508944444444,0.3333333333333333,0.5
28,36,2.715426722222222,11.605430277777778,15.413982152777777,8.898453763888888,0.4444444444444444,0.6153846153846154
29,31,3.0593128064516124,11.343130790322585,17.436604596774192,8.548443177419355,0.25806451612903225,0.41025641025641024
30,40,2.17972075,11.275421775,16.8504732625,10.021722725,0.375,0.5454545454545454
31,31,2.6018914516129037,11.378465612903225,14.558467758064518,9.85934843548387,0.3870967741935484,0.5581395348837209
32,27,2.4364042962962964,10.976416296296296,11.727488055555554,8.11231824074074,0.2222222222222222,0.36363636363636365
33,40,2.997190025,11.4648868125,14.478510474999998,10.2278371,0.325,0.49056603773584906
34,34,2.3044134117647053,11.210662426470588,14.673454720588234,9.708666044117647,0.20588235294117646,0.34146341463414637
35,35,2.7972388571428572,11.465263385714286,16.458200914285708,8.771859985714286,0.17142857142857143,0.2926829268292683
36,34,2.3319986764705884,11.166740794117647,15.956551661764703,10.360883764705884,0.4117647058823529,0.5833333333333334
37,35,2.7753110571428565,11.120492657142856,17.61661332857143,12.809119042857143,0.34285714285714286,0.5106382978723404
38,30,2.1379634333333324,11.069830983333334,13.212182716666668,9.949154483333333,0.3,0.46153846153846156
39,34,2.3165458529411764,11.256607823529412,12.471405794117647,8.13738895588235,0.29411764705882354,0.45454545454545453
40,32,2.5636931562500003,10.867935781249999,16.631698812499998,9.0207121875,0.1875,0.3157894736842105
41,28,2.7236442142857133,11.029393749999997,14.686732464285715,9.71058525,0.39285714285714285,0.5641025641025641
42,37,2.4957870810810805,11.19025685135135,16.17013891891892,8.289983175675676,0.43243243243243246,0.6037735849056604
43,38,2.702844684210526,11.292460644736842,14.343644026315792,9.391152263157894,0.39473684210526316,0.5660377358490566
44,40,2.722523925,11.741975674999999,13.1860135125,8.7515953625,0.325,0.49056603773584906
45,26,3.3213109999999997,11.20889998076923,13.346865942307694,8.587771615384614,0.2692307692307692,0.42424242424242425
46,35,2.830210971428571,11.401332571428572,16.473202599999997,11.6910184,0.2571428571428571,0.4090909090909091
47,39,2.292487179487179,11.281847538461536,11.766204756410255,8.821816307692307,0.41025641025641024,0.5818181818181818
48,45,2.288701666666667,11.177079011111111,14.2144357,9.281824444444446,0.3333333333333333,0.5
49,38,2.456214868421052,11.227377342105262,17.01067978947368,7.751593723684211,0.34210526315789475,0.5098039215686274
50,36,2.3252506666666664,10.8860545,14.128058305555555,8.966648,0.3055555555555556,0.46808510638297873
51,39,2.5643002820512812,10.912618256410257,16.685386025641026,11.442341897435897,0.3333333333333333,0.5
52,32,2.704242625,11.243722671875,18.030204062499998,10.556528640625,0.28125,0.43902439024390244
53,34,2.2810954999999997,10.79808761764706,11.726417147058823,8.099053441176471,0.2647058823529412,0.4186046511627907
54,42,2.657674380952381,10.98270880952381,15.860921404761903,8.442601452380952,0.35714285714285715,0.5263157894736842
55,38,2.492855921052632,11.654512289473683,12.650707723684212,7.176801302631578,0.2631578947368421,0.4166666666666667
56,32,2.3158231249999996,11.21469190625,15.391694953125,11.36245953125,0.28125,0.43902439024390244
57,30,2.170518866666666,10.948523816666667,12.656731933333335,7.858307466666665,0.2,0.3333333333333333
58,35,2.1764043714285717,10.867453957142855,13.412569342857145,8.7519085,0.3142857142857143,0.4782608695652174
59,34,2.685071588235294,11.340223147058824,14.401187235294117,9.674333779411764,0.20588235294117646,0.34146341463414637
60,34,2.305761058823529,11.354354088235295,12.737342308823528,8.862014617647059,0.35294117647058826,0.5217391304347826
61,45,2.4675472666666667,11.659654888888888,18.029161488888885,8.884865211111112,0.3333333333333333,0.5
62,33,2.875802787878788,11.161452984848486,18.506604833333338,12.44498446969697,0.3333333333333333,0.5
63,36,2.2923859166666665,11.212906722222222,17.463314986111115,8.941449722222222,0.4444444444444444,0.6153846153846154
64,30,2.7929244,10.797181933333333,11.93009745,9.14049583333333,0.3333333333333333,0.5
65,22,2.9464511818181816,10.913731363636362,15.868611068181819,10.483249704545454,0.18181818181818182,0.3076923076923077
66,32,2.6770009687500003,10.837459578125,15.021403265624999,8.25998703125,0.40625,0.5777777777777777
67,41,2.7375290000000003,11.280668536585365,16.927988987804877,10.638454500000002,0.24390243902439024,0.39215686274509803
68,36,2.0982256388888896,11.064102194444445,13.637889861111113,9.468360888888888,0.4166666666666667,0.5882352941176471
69,29,2.9448374482758624,11.405656931034482,11.861091086206896,10.491675137931033,0.3793103448275862,0.55
70,32,2.98611578125,11.53582209375,15.02462340625,8.42157046875,0.3125,0.47619047619047616
71,39,2.703594846153846,11.254383974358973,18.56140187179487,10.335069512820512,0.2564102564102564,0.40816326530612246
72,31,2.5593108709677415,11.063398354838712,20.89178001612903,10.00367985483871,0.3225806451612903,0.4878048780487805
73,32,3.1785283437500005,11.756845218750001,17.3064121875,9.900036593749999,0.28125,0.43902439024390244
74,39,2.3539119230769234,11.140411474358975,13.475420705128208,8.644276153846153,0.28205128205128205,0.44
75,31,2.477836516129032,11.444792854838708,15.607373854838707,9.002964870967743,0.25806451612903225,0.41025641025641024
76,35,2.965076171428571,11.165141899999998,17.748823085714285,9.929440914285715,0.2857142857142857,0.4444444444444444
77,32,2.41157215625,11.1848245,14.8225708125,6.734676875,0.28125,0.43902439024390244
78,40,3.0025699749999997,11.693139775,17.903649675,8.56546445,0.3,0.46153846153846156
79,46,2.330971521739131,11.138973163043477,13.359778945652174,7.929046347826086,0.30434782608695654,0.4666666666666667
80,42,2.695529,11.219579071428573,16.43854755952381,9.86798076190476,0.30952380952380953,0.4727272727272727
81,39,2.6156044358974357,11.581678435897436,16.087273987179486,10.285407628205126,0.4358974358974359,0.6071428571428571
82,36,2.6785431944444444,11.199611305555555,14.213154111111113,10.040956402777777,0.2222222222222222,0.36363636363636365
83,24,2.311881083333333,11.521174395833333,11.591143604166668,9.276075666666665,0.2916666666666667,0.45161290322580644
84,40,2.4824987750000003,11.2104497,15.391946899999999,10.600614325,0.275,0.43137254901960786
85,46,2.025081152173913,11.01588047826087,13.574641163043475,8.452214858695651,0.2391304347826087,0.38596491228070173
86,39,2.4955825897435897,11.12423291025641,13.02069914102564,8.64242291025641,0.15384615384615385,0.26666666666666666
87,31,2.2633088064516125,11.023137516129031,16.537357532258067,10.963440548387098,0.45161290322580644,0.6222222222222222
88,30,2.270622066666666,11.022039416666667,13.895220916666663,8.11891585,0.3333333333333333,0.5
89,32,2.9477713125000005,11.523679890625,14.395600718750002,7.85107278125,0.28125,0.43902439024390244
90,38,2.886770026315789,11.257987763157896,17.602004842105263,11.414343171052632,0.3157894736842105,0.48
91,40,2.20834425,11.051328875,14.122552225000002,8.477264312500001,0.4,0.5714285714285714
92,39,2.621118333333333,10.703527346153848,16.386252474358976,9.105643525641025,0.41025641025641024,0.5818181818181818
93,36,2.5126824166666673,10.807970416666667,15.965354541666667,9.548973930555555,0.3888888888888889,0.56
94,45,2.6022745777777776,11.3125615,16.521427344444447,11.487856955555554,0.37777777777777777,0.5483870967741935
95,27,2.9810746296296293,11.345634481481481,16.512974222222223,9.45824461111111,0.3333333333333333,0.5
96,26,2.810249692307692,10.95532805769231,14.453407884615384,9.092241173076923,0.4230769230769231,0.5945945945945946
97,36,2.543833805555556,11.263833125,16.16117705555555,7.770630652777778,0.2777777777777778,0.43478260869565216
98,27,2.377562,11.050179685185187,14.778510425925926,9.342499444444444,0.25925925925925924,0.4117647058823529
99,36,2.446476333333333,10.995112722222224,13.154836569444445,8.814175624999997,0.3611111111111111,0.5306122448979592
100,20,2.7798429500000004,11.211679975,16.019786025000002,10.11407265,0.25,0.4
101,31,2.607003129032259,11.574002822580647,15.385354048387098,8.447322177419355,0.3870967741935484,0.5581395348837209
102,36,2.684083472222223,11.323192777777779,19.438911694444442,10.211634055555555,0.2222222222222222,0.36363636363636365
103,38,2.5768102368421055,11.095272210526314,16.98956911842105,11.390502671052632,0.2631578947368421,0.4166666666666667
104,34,2.865188558823529,11.100151279411765,17.100110323529414,10.122448279411765,0.2647058823529412,0.4186046511627907
105,35,3.1419469142857137,11.475668185714284,14.243094928571427,9.868190985714286,0.2571428571428571,0.4090909090909091
106,40,2.7346581,11.383183825,12.351027812500002,9.83368535,0.225,0.3673469387755102
107,38,2.5238664473684205,11.065954605263158,12.079825631578947,9.517316105263157,0.2894736842105263,0.4489795918367347
108,27,3.061626925925925,11.524650814814814,12.898473518518516,8.100598481481482,0.37037037037037035,0.5405405405405406
109,31,2.7418924516129026,11.322133870967738,12.664402741935483,6.141117532258066,0.2903225806451613,0.45
110,34,2.3781725294117644,10.971526455882355,14.040075397058823,8.1903335,0.38235294117647056,0.5531914893617021
111,35,2.4001398857142857,11.239333199999999,13.950360400000001,9.40714732857143,0.37142857142857144,0.5416666666666666
112,33,2.514403515151516,11.303727484848485,15.106201318181817,9.30650325757576,0.3333333333333333,0.5
113,35,2.5248839142857142,11.0930545,15.965208128571428,10.188480814285715,0.3142857142857143,0.4782608695652174
114,34,2.8749363235294125,11.014257470588237,17.46214373529412,9.540924338235293,0.4411764705882353,0.6122448979591837
115,26,2.5953499999999994,10.938054826923075,17.39157996153846,8.89522453846154,0.3076923076923077,0.47058823529411764
116,39,2.121441564102564,10.9227155,12.686104538461539,9.217820717948715,0.2564102564102564,0.40816326530612246
117,32,2.69502828125,11.343661765625,16.099786296875,9.218096484375,0.375,0.5454545454545454
118,32,2.1269113437499994,11.20964459375,13.684808765625,8.783707,0.3125,0.47619047619047616
119,47,2.9738135957446814,11.476423712765957,15.653946542553193,8.107081882978722,0.2553191489361702,0.4067796610169492
120,38,2.3588049736842107,11.077291157894736,12.422944092105263,9.134514171052631,0.34210526315789475,0.5098039215686274
121,36,2.5225072777777786,10.992920041666668,14.208819111111112,8.79429013888889,0.4166666666666667,0.5882352941176471
122,35,3.0163146857142857,11.436486442857143,14.876359614285713,10.75940287142857,0.34285714285714286,0.5106382978723404
123,36,2.615104222222222,11.325986166666667,15.812420722222221,8.52419140277778,0.25,0.4
124,34,2.9929867647058828,11.513551264705882,13.610523764705883,11.314588455882353,0.17647058823529413,0.3
125,30,2.8346242000000004,11.13415361666667,16.6400329,10.826600533333334,0.36666666666666664,0.5365853658536586
126,33,2.6591784848484847,11.105884575757578,14.804469636363638,9.764296742424241,0.42424242424242425,0.5957446808510638
127,28,2.8084322857142854,11.12189667857143,15.818432964285714,10.097208839285715,0.2857142857142857,0.4444444444444444
128,40,2.7641231750000004,11.573329475,17.1799576375,11.103840012499997,0.225,0.3673469387755102
129,31,2.473125645161291,11.449025516129034,12.841174483870969,8.442478887096774,0.22580645161290322,0.3684210526315789
130,37,2.9465476756756757,11.825210216216217,16.2080635,8.60480783783784,0.21621621621621623,0.35555555555555557
131,35,3.150482971428571,11.420099057142856,15.068082285714286,8.820191457142856,0.34285714285714286,0.5106382978723404
132,33,2.165674545454545,11.217725045454547,12.556829500000001,7.949785227272726,0.21212121212121213,0.35
133,39,2.6165920512820517,11.35656358974359,15.311759833333339,9.311782448717947,0.1794871794871795,0.30434782608695654
134,34,2.234684147058824,11.121234838235294,12.824756264705883,10.568298294117648,0.35294117647058826,0.5217391304347826
135,43,2.6319735581395354,11.103169476744183,12.968882825581398,9.229610709302326,0.3953488372093023,0.5666666666666667
136,21,2.3194594285714287,11.219979857142857,13.167401547619049,8.972279857142858,0.42857142857142855,0.6
137,34,2.2853104999999996,10.668236514705882,13.060309897058822,10.67480275,0.29411764705882354,0.45454545454545453
138,28,2.9271388928571427,11.523095553571428,16.801149660714284,8.381310839285714,0.25,0.4
139,43,2.6507620930232556,11.234289348837208,14.12649926744186,9.906190941860464,0.27906976744186046,0.43636363636363634
140,27,2.590491222222223,10.953445444444446,13.539885203703705,8.748139888888888,0.3333333333333333,0.5
141,30,2.6977780333333343,11.396820483333332,14.606847366666669,9.7542105,0.43333333333333335,0.6046511627906976
142,39,2.776733692307692,11.491833243589744,14.927957602564101,9.336854435897434,0.28205128205128205,0.44
143,31,2.962082645161291,11.129211951612902,15.841901112903225,9.932138677419355,0.41935483870967744,0.5909090909090909
144,40,2.340866475,11.29341335,13.7598435875,8.8467601875,0.3,0.46153846153846156
145,29,2.67507075862069,11.383399068965518,17.14809472413793,11.565354706896551,0.3448275862068966,0.5128205128205128
146,26,2.1725354999999995,11.163401942307692,18.791323846153848,11.433619038461538,0.07692307692307693,0.14285714285714285
147,29,2.525264206896552,10.515964068965518,14.340006637931037,7.868045051724137,0.3103448275862069,0.47368421052631576
148,36,2.368394666666667,11.152591750000001,18.41274936111111,7.705353375,0.4722222222222222,0.6415094339622641
149,43,2.680093837209302,11.086333604651163,11.818704476744186,7.502936709302326,0.27906976744186046,0.43636363636363634
150,33,2.5699124545454546,11.59163968181818,11.502449606060607,7.4335181212121215,0.2727272727272727,0.42857142857142855
151,38,2.4586090000000005,10.93138925,16.72510521052632,8.788452605263156,0.3684210526315789,0.5384615384615384
152,45,2.687269288888889,11.239570677777778,13.569970644444444,11.203947344444446,0.28888888888888886,0.4482758620689655
153,37,2.3955646486486484,11.357658513513513,14.457632635135138,9.987304310810812,0.24324324324324326,0.391304347826087
154,36,3.2515779166666667,11.382753361111112,17.77945165277778,9.62338747222222,0.3888888888888889,0.56
155,39,2.4458148205128203,10.983742769230771,15.597283128205127,10.266058782051283,0.3076923076923077,0.47058823529411764
156,34,2.1916782647058826,11.13130269117647,13.728872397058822,9.122978029411764,0.35294117647058826,0.5217391304347826
157,44,2.526251386363636,11.173038829545456,14.875859488636364,9.864435511363636,0.20454545454545456,0.33962264150943394
158,38,2.3028325526315796,11.190198592105263,16.220364921052635,7.7352652236842125,0.21052631578947367,0.34782608695652173
159,34,2.242999117647059,11.338910205882353,15.513193294117643,9.75003263235294,0.3235294117647059,0.4888888888888889
160,29,2.4880597586206896,10.785110448275859,14.978977793103448,8.791134327586208,0.3448275862068966,0.5128205128205128
161,39,2.982308615384615,11.300438987179488,19.043673192307693,9.784560576923077,0.358974358974359,0.5283018867924528
162,31,2.7460390967741946,11.315283048387098,14.398799919354838,9.24564616129032,0.3225806451612903,0.4878048780487805
163,52,2.2009985961538456,10.825578403846153,14.984632086538461,9.43492975,0.3076923076923077,0.47058823529411764
164,33,2.630651666666667,11.173456984848485,14.207128484848484,8.470696181818182,0.45454545454545453,0.625
165,38,2.9489441578947373,11.01958636842105,17.259473289473686,10.465193276315787,0.2894736842105263,0.4489795918367347
166,28,2.4087983928571433,10.96852164285714,10.29058830357143,8.366607785714285,0.42857142857142855,0.6
167,30,2.8017286,11.361274500000002,16.469355016666665,10.656497866666667,0.4,0.5714285714285714
168,27,2.3785764444444446,10.931230685185186,16.694801629629627,9.150203703703703,0.2222222222222222,0.36363636363636365
169,28,2.790665999999999,11.099171071428572,13.357182767857143,13.815338375000001,0.2857142857142857,0.4444444444444444
170,38,2.3109227894736843,11.111308526315788,13.933219789473684,6.262500763157895,0.3157894736842105,0.48
171,34,2.8824986470588234,11.313544867647058,16.45634560294118,9.460321191176472,0.2647058823529412,0.4186046511627907
172,43,2.765212651162791,11.370545162790696,15.064940325581395,8.628037895348838,0.3488372093023256,0.5172413793103449
173,35,2.4722760285714296,11.078757357142857,17.199405114285714,9.607363985714285,0.3142857142857143,0.4782608695652174
174,18,2.9901795,11.452414666666668,11.742241666666665,7.555454749999999,0.1111111111111111,0.2
175,29,2.7630365172413796,10.937539189655169,16.655221965517242,12.511049568965516,0.2413793103448276,0.3888888888888889
176,21,2.217557333333333,10.836690857142857,15.66810042857143,10.22470592857143,0.42857142857142855,0.6
177,36,2.6295501666666667,11.424885749999998,16.522035333333335,11.994417916666668,0.3611111111111111,0.5306122448979592
178,49,2.6314674489795915,11.40702812244898,17.413231887755103,9.494704193877553,0.3469387755102041,0.5151515151515151
179,40,2.606108675,11.1151437625,16.088964325,9.053990200000001,0.2,0.3333333333333333
180,22,3.099966772727272,11.641287227272727,13.430204590909092,9.911258113636364,0.3181818181818182,0.4827586206896552
181,29,2.139112,10.860387051724137,13.782607068965513,11.150015810344827,0.4827586206896552,0.6511627906976745
182,33,2.362996636363636,11.205042045454547,12.87858843939394,8.146147212121212,0.36363636363636365,0.5333333333333333
183,34,2.882726558823529,11.294622970588236,17.962592970588236,9.852350779411765,0.35294117647058826,0.5217391304347826
184,31,2.3238533225806455,11.373802725806451,15.416245548387096,9.301255854838706,0.2903225806451613,0.45
185,43,2.4587983720930233,10.98021538372093,14.99976689534884,8.026862476744185,0.16279069767441862,0.28
186,32,2.43721475,11.0580435,16.015170921874997,10.281219734375,0.1875,0.3157894736842105
187,31,2.408292903225807,10.970450548387097,15.675882112903226,12.020585274193547,0.22580645161290322,0.3684210526315789
188,34,2.5450776176470584,11.420561161764704,12.172741514705884,10.316644852941176,0.47058823529411764,0.64
189,34,2.3019492058823534,11.198285764705883,13.827911911764705,7.519272205882352,0.2647058823529412,0.4186046511627907
190,30,2.6902531333333335,11.212064350000002,12.683762433333333,9.416295333333332,0.23333333333333334,0.3783783783783784
191,31,2.6497991612903222,10.753340193548388,14.975153967741933,10.072323677419355,0.45161290322580644,0.6222222222222222
192,31,3.052183225806451,11.580766596774195,15.274083145161292,11.235143516129032,0.1935483870967742,0.32432432432432434
193,36,2.852339777777777,11.03045798611111,19.42092540277778,10.181109055555556,0.2777777777777778,0.43478260869565216
194,27,1.8877263703703706,11.05436472222222,13.413014722222222,10.464527222222223,0.25925925925925924,0.4117647058823529
195,38,2.8499003157894736,11.608014802631581,14.769892986842104,9.312885671052632,0.3157894736842105,0.48
196,32,2.77284646875,10.983720140625,17.174793984375,9.979320234374999,0.375,0.5454545454545454
197,40,2.7090691,11.25502835,16.201215424999997,7.7308345875,0.3,0.46153846153846156
198,34,2.5934353529411767,11.295496132352941,12.78379705882353,8.400545632352943,0.38235294117647056,0.5531914893617021
199,32,2.6360931562500003,11.41157625,15.01047453125,9.2767813125,0.1875,0.3157894736842105
200,36,3.1133103611111115,11.277023777777778,13.293413597222221,8.990234986111112,0.3333333333333333,0.5
201,27,2.5619103703703705,11.541759074074077,17.524402259259258,9.155308574074073,0.4444444444444444,0.6153846153846154
202,32,2.7115748437500002,10.692667484375,15.499041078125,9.783650796875001,0.46875,0.6382978723404256
203,33,2.975192848484848,11.278016651515154,12.76231353030303,7.817945363636363,0.15151515151515152,0.2631578947368421
204,38,2.2300453157894737,11.218578065789474,13.613746078947369,7.970360921052632,0.2631578947368421,0.4166666666666667
205,45,2.594302244444444,11.010870044444443,17.59114821111111,9.497236144444443,0.2222222222222222,0.36363636363636365
206,31,2.4653844516129033,11.293925596774194,15.249169129032262,8.906183338709676,0.3225806451612903,0.4878048780487805
207,30,3.0476373999999993,11.530408733333335,17.127339733333333,10.2369845,0.3,0.46153846153846156
208,32,2.7306450937499998,11.41628284375,16.060066218750002,10.7395495625,0.375,0.5454545454545454
209,31,2.774433387096774,10.737569209677417,18.963742,12.08556556451613,0.45161290322580644,0.6222222222222222
210,31,2.1954839677419353,11.040223016129035,12.505125741935483,7.821578741935485,0.3870967741935484,0.5581395348837209
211,29,2.6595007931034482,11.597095517241382,15.950043706896551,8.161276224137932,0.1724137931034483,0.29411764705882354
212,28,2.133705928571428,10.693345160714287,14.860054089285716,9.487442,0.32142857142857145,0.4864864864864865
213,41,2.7770292926829265,11.465701000000001,19.36778369512195,11.401581085365855,0.1951219512195122,0.32653061224489793
214,31,2.624675,11.272065838709677,15.347758500000001,9.212515548387096,0.41935483870967744,0.5909090909090909
215,41,2.838726658536585,11.380286048780487,17.602815475609756,11.526168890243902,0.3170731707317073,0.48148148148148145
216,47,2.91561355319149,11.509054425531916,16.615586021276595,9.051942340425532,0.19148936170212766,0.32142857142857145
217,33,2.4855929393939395,11.432431075757576,16.447653393939394,9.437267636363636,0.30303030303030304,0.46511627906976744
218,32,2.4735987812499998,11.339371484375,12.706998515625,8.45936815625,0.28125,0.43902439024390244
219,34,2.450652529411765,11.41589486764706,13.360793676470585,11.659117529411766,0.2647058823529412,0.4186046511627907
220,29,2.4145362758620696,11.400384499999998,17.79537494827586,12.01206196551724,0.27586206896551724,0.43243243243243246
221,33,2.7284924848484846,11.128903106060605,17.99673175757576,10.255821,0.24242424242424243,0.3902439024390244
222,30,2.9444186333333335,11.755284300000003,11.594609100000001,10.201596499999997,0.26666666666666666,0.42105263157894735
223,40,2.8668254250000005,11.043992825,14.806609325,10.74069385,0.3,0.46153846153846156
224,33,2.716336212121212,11.136289424242424,16.6724686969697,11.160979227272728,0.3333333333333333,0.5
225,27,2.7499551851851853,11.135561296296293,14.926510314814818,9.572583648148148,0.4074074074074074,0.5789473684210527
226,28,2.754907607142857,11.49507255357143,17.408093339285713,10.136620321428572,0.25,0.4
227,32,2.40851278125,11.3806846875,15.299029796875,10.315655703125,0.34375,0.5116279069767442
228,36,2.328394,11.328281680555556,13.529046625,10.473582611111112,0.2777777777777778,0.43478260869565216
229,26,2.6335311153846157,11.181552115384617,15.170040980769231,9.977817480769232,0.38461538461538464,0.5555555555555556
230,25,2.4288291200000005,11.1464171,19.3102396,9.11577506,0.44,0.6111111111111112
231,35,2.9024286571428575,11.487727985714285,14.561636314285714,9.944098542857144,0.4,0.5714285714285714
232,22,2.613748818181818,11.530535613636365,13.745902386363637,10.320304636363636,0.18181818181818182,0.3076923076923077
233,35,2.4606807999999996,11.219959928571429,16.543582842857145,8.645662185714286,0.34285714285714286,0.5106382978723404
234,32,2.2914726250000004,11.00802634375,15.93649378125,9.030899234375,0.46875,0.6382978723404256
235,50,2.59423804,11.51059401,13.931169270000003,9.66714001,0.24,0.3870967741935484
236,41,2.281876024390244,11.447708963414636,13.313185,8.643182158536586,0.34146341463414637,0.509090909090909
237,17,2.6818554705882356,11.698862588235293,17.14252770588235,9.110885647058822,0.47058823529411764,0.64
238,38,3.0017296842105265,11.008697552631578,19.249420039473684,9.44440897368421,0.39473684210526316,0.5660377358490566
239,30,2.4818420000000003,10.968954833333333,17.196510133333334,8.38263465,0.23333333333333334,0.3783783783783784
240,37,2.919997972972973,11.331083500000002,16.65634291891892,12.245590283783784,0.3783783783783784,0.5490196078431373
241,20,2.5595064499999998,10.971552825,12.390635849999999,9.003207150000001,0.5,0.6666666666666666
242,35,2.3095546571428565,11.103954942857143,18.350027814285717,9.68004897142857,0.2,0.3333333333333333
243,35,2.8731804,10.9247431,18.440410528571427,9.41365222857143,0.2857142857142857,0.4444444444444444
244,42,2.671038666666667,11.18428675,16.827933940476193,11.276806083333334,0.38095238095238093,0.5517241379310345
245,20,3.273511450000001,11.643622700000002,17.878573699999997,11.68021845,0.4,0.5714285714285714
246,40,2.6471890750000004,11.363931087500001,15.0638665375,9.2552463625,0.4,0.5714285714285714
247,37,2.629155513513514,11.43787872972973,15.28648486486487,9.975020054054054,0.2972972972972973,0.4583333333333333
248,39,2.555640051282052,11.355805961538463,16.480074243589744,8.881586410256412,0.38461538461538464,0.5555555555555556
249,42,2.737200476190476,11.031136285714283,13.895556773809528,9.001007821428571,0.35714285714285715,0.5263157894736842
250,23,2.561542,11.404500391304346,15.118756804347829,7.506633173913044,0.43478260869565216,0.6060606060606061
251,32,2.74675734375,11.18624190625,14.8593799375,8.63458134375,0.25,0.4
252,31,2.6572455483870963,11.141263564516128,17.63437035483871,11.135384580645162,0.3870967741935484,0.5581395348837209
253,35,2.8471615714285714,11.474642685714286,12.74060332857143,7.896177842857142,0.2857142857142857,0.4444444444444444
254,31,2.5060885161290325,10.876119177419353,13.757348693548389,9.637745048387098,0.3870967741935484,0.5581395348837209
255,39,2.208501256410257,10.908641602564105,15.490901576923076,10.045556153846155,0.20512820512820512,0.3404255319148936
256,27,2.2385103333333336,11.352981240740743,11.951143648148147,9.067241074074076,0.3333333333333333,0.5
257,32,2.6983043125000004,11.191921359375,13.0253496875,8.777585671875,0.3125,0.47619047619047616
258,29,2.6636576896551722,11.301714413793105,14.743020086206895,10.54398753448276,0.2413793103448276,0.3888888888888889
259,26,2.5947823076923076,11.255226884615384,13.610570249999997,10.877369019230768,0.34615384615384615,0.5142857142857142
260,43,3.0545321860465124,11.334890523255813,14.124476430232557,7.855537802325581,0.3953488372093023,0.5666666666666667
261,37,2.756409567567568,11.299924635135136,17.923374378378377,10.290537256756755,0.40540540540540543,0.5769230769230769
262,30,2.7323572666666665,11.115210166666664,17.28050238333333,11.438866633333333,0.36666666666666664,0.5365853658536586
263,42,2.5282990476190483,11.386845178571427,16.971011773809522,10.466419202380951,0.40476190476190477,0.576271186440678
264,39,2.5080347179487177,11.201092012820514,13.940856807692308,10.003147217948717,0.3076923076923077,0.47058823529411764
265,28,2.4326207500000003,10.75279042857143,15.631905357142857,9.573314839285715,0.35714285714285715,0.5263157894736842
266,36,2.731909972222222,10.597891652777777,15.066968083333332,8.752637652777777,0.2222222222222222,0.36363636363636365
267,30,2.1123534666666663,11.027166433333333,15.765335499999999,10.125121633333334,0.36666666666666664,0.5365853658536586
268,30,2.8111642333333338,11.455529733333332,13.49998966666667,9.488805133333333,0.23333333333333334,0.3783783783783784
269,35,2.8942858,11.587505042857144,16.45657381428572,10.012368100000002,0.2857142857142857,0.4444444444444444
270,29,2.362745517241379,11.11647094827586,15.170415120689656,9.48507105172414,0.2413793103448276,0.3888888888888889
271,42,2.692846380952381,11.31348051190476,13.554126059523806,10.139858880952382,0.35714285714285715,0.5263157894736842
272,49,2.199476367346939,11.27656898979592,16.106642979591836,8.488663051020408,0.2653061224489796,0.41935483870967744
273,44,2.2658235227272727,11.222248909090908,14.741479375,8.98058405681818,0.3181818181818182,0.4827586206896552
274,34,2.684952411764706,11.49227011764706,14.64699525,9.47854744117647,0.4411764705882353,0.6122448979591837
275,26,2.6716331538461535,11.874773884615385,14.651081884615385,10.778633230769229,0.46153846153846156,0.631578947368421
276,35,2.6552611142857145,11.2838243,17.094490028571432,9.380315099999999,0.4,0.5714285714285714
277,28,2.6920563571428575,10.794215482142857,14.580640857142855,8.902883446428572,0.2857142857142857,0.4444444444444444
278,26,2.554725769230769,11.25315428846154,13.506572307692306,10.20376053846154,0.4230769230769231,0.5945945945945946
279,34,2.6509194411764705,11.372967382352943,16.961955147058823,7.911095014705881,0.3235294117647059,0.4888888888888889
280,26,2.6569878076923072,11.423462615384617,14.594916999999999,8.619547288461536,0.2692307692307692,0.42424242424242425
281,40,2.846761349999999,11.6368497125,13.567474225000002,8.441680199999999,0.35,0.5185185185185185
282,35,2.9938544857142855,11.172660285714286,14.4409782,9.631128814285715,0.34285714285714286,0.5106382978723404
283,31,2.5835258064516142,11.164077983870966,14.010064370967742,9.101003967741935,0.2903225806451613,0.45
284,30,2.434911166666667,11.567990850000001,12.77431855,6.7208129,0.43333333333333335,0.6046511627906976
285,30,2.3329424666666667,11.090357333333335,15.82970825,8.081950183333335,0.2,0.3333333333333333
286,23,2.3414111739130434,11.22024704347826,17.125465782608696,11.504751717391304,0.34782608695652173,0.5161290322580645
287,41,2.634661487804878,11.047563573170732,14.369065146341462,10.142953207317074,0.21951219512195122,0.36
288,31,2.344256064516129,11.389273403225808,15.649797354838709,7.462312596774192,0.3225806451612903,0.4878048780487805
289,40,2.8281970000000003,11.320657837499999,17.9445783,9.3783398,0.475,0.6440677966101694
290,38,2.036435815789473,10.989442513157893,15.608737249999999,9.705950052631579,0.2894736842105263,0.4489795918367347
291,34,3.2756006176470587,11.20280357352941,17.612509455882353,9.824037161764707,0.47058823529411764,0.64
292,30,2.8598443000000002,11.208697933333333,18.745191433333332,8.034010166666667,0.36666666666666664,0.5365853658536586
293,32,1.8950870000000002,10.858178484375001,11.802108140625,8.121470515624999,0.34375,0.5116279069767442
294,26,2.89688873076923,11.04919225,14.52180951923077,8.348036384615385,0.5,0.6666666666666666
295,37,2.476188972972973,11.02975195945946,19.032991,8.424564351351352,0.24324324324324326,0.391304347826087
296,32,2.7066948437500002,11.059036296875,14.901651296874999,9.08440590625,0.3125,0.47619047619047616
297,38,3.1387234999999993,11.555336131578947,18.261067868421055,11.574193986842104,0.34210526315789475,0.5098039215686274
298,48,2.389905833333333,10.990775697916666,15.616758072916667,9.02542946875,0.2916666666666667,0.45161290322580644
299,40,2.5281797000000004,11.275393650000002,15.149553487499997,9.324878637500001,0.275,0.43137254901960786
300,31,2.6643594193548386,11.397413064516131,13.830695387096776,8.57436951612903,0.41935483870967744,0.5909090909090909
301,34,2.7057990882352945,11.42942,18.02142664705882,8.340865191176471,0.29411764705882354,0.45454545454545453
302,39,2.8896658717948718,11.594682076923078,16.837207461538465,10.480317692307693,0.38461538461538464,0.5555555555555556
303,36,2.6488737222222216,11.226531111111113,15.706397277777777,8.678460388888888,0.3611111111111111,0.5306122448979592
304,35,2.3452790571428577,11.137582414285715,18.708292671428566,11.806172557142856,0.3142857142857143,0.4782608695652174
305,41,2.3907675365853653,10.873875975609756,15.551459219512195,9.730721719512195,0.34146341463414637,0.509090909090909
306,28,2.3241616428571428,11.008604892857141,16.699071535714285,7.395582142857141,0.35714285714285715,0.5263157894736842
307,33,2.4429489393939394,10.846472893939394,13.248777303030304,9.816799484848485,0.30303030303030304,0.46511627906976744
308,35,2.3990889142857146,11.126907814285715,14.663766214285715,9.057629714285715,0.22857142857142856,0.37209302325581395
309,25,3.09635104,11.476990640000002,19.7558055,10.95003802,0.24,0.3870967741935484
310,34,2.685767264705883,11.374106720588236,13.61527288235294,9.098947220588235,0.29411764705882354,0.45454545454545453
311,40,2.4435329250000004,11.352604424999999,15.062159075,7.689152025,0.375,0.5454545454545454
312,34,2.081775764705882,11.112454735294119,15.122181132352944,8.96165594117647,0.20588235294117646,0.34146341463414637
313,39,2.2490663076923076,10.916950884615384,14.071690076923081,8.690713294871795,0.2564102564102564,0.40816326530612246
314,36,2.889530944444444,11.159773527777778,14.169880597222225,9.977759777777777,0.3055555555555556,0.46808510638297873
315,31,2.047064,10.766566225806452,17.678104596774194,11.426457322580646,0.41935483870967744,0.5909090909090909
316,42,2.632839904761905,11.019873809523812,13.466350845238093,8.076722857142856,0.30952380952380953,0.4727272727272727
317,30,2.781385033333333,11.235951483333332,15.224203633333335,10.023871983333335,0.23333333333333334,0.3783783783783784
318,26,2.507749038461538,10.7201675,17.020927115384616,11.634294096153846,0.3076923076923077,0.47058823529411764
319,45,2.712933933333333,11.314903555555556,14.5657257,9.878334588888888,0.4,0.5714285714285714
320,42,2.3074839047619053,10.817968261904761,17.467999738095234,9.439596392857144,0.19047619047619047,0.32
321,34,2.0762800588235293,11.190925220588234,12.50937230882353,8.24071282352941,0.29411764705882354,0.45454545454545453
322,31,2.395104967741935,11.32467822580645,17.01844138709677,10.559846370967742,0.2903225806451613,0.45
323,21,2.329062857142856,11.33396342857143,12.643828500000003,8.815216642857145,0.2857142857142857,0.4444444444444444
324,28,3.070527428571428,11.721179535714287,16.536468214285712,10.188605410714286,0.2857142857142857,0.4444444444444444
325,28,3.083565892857142,11.268242857142857,15.051747285714287,9.583750482142857,0.32142857142857145,0.4864864864864865
326,25,2.5570989599999994,11.441935780000001,15.748506599999999,9.587569100000001,0.24,0.3870967741935484
327,45,2.5999793777777778,10.960249555555553,14.808652688888886,10.208447033333332,0.4222222222222222,0.59375
328,32,2.70500246875,11.404410328125,11.5862355625,8.558664234375,0.21875,0.358974358974359
329,37,2.521046702702703,10.983636716216216,14.296657445945943,11.151690445945945,0.43243243243243246,0.6037735849056604
330,46,3.3403676304347836,11.609456945652173,13.19950411956522,9.126124826086956,0.30434782608695654,0.4666666666666667
331,30,2.6472518666666667,10.911094899999998,10.964030733333333,7.4643188,0.3,0.46153846153846156
332,31,2.665120322580645,11.518239338709678,14.446820725806452,11.424965370967746,0.45161290322580644,0.6222222222222222
333,41,2.729416390243902,11.220750024390243,15.157946024390244,10.173598865853657,0.2926829268292683,0.4528301886792453
334,35,2.660882628571428,11.530364471428571,17.119256285714286,10.132975014285714,0.2571428571428571,0.4090909090909091
335,38,2.2153664999999996,11.070359565789474,14.52043880263158,8.077276144736842,0.3157894736842105,0.48
336,34,2.630995117647059,11.31453725,13.75266407352941,8.940714294117646,0.2647058823529412,0.4186046511627907
337,37,2.1565777567567563,11.03136389189189,15.643937972972973,10.112538959459458,0.2702702702702703,0.425531914893617
338,40,2.810385525,11.239089025,14.605116825,9.5240182625,0.25,0.4
339,19,2.762019631578948,11.157384868421053,19.931639368421052,11.030450789473683,0.47368421052631576,0.6428571428571429
340,43,2.417335837209303,11.229253662790699,14.016379104651163,7.5496139302325584,0.18604651162790697,0.3137254901960784
341,35,2.3594218285714286,11.32499002857143,20.044744228571428,9.425841671428572,0.2,0.3333333333333333
342,29,2.1614980344827583,10.806444017241377,15.409687620689656,8.265259310344828,0.41379310344827586,0.5853658536585366
343,38,3.204367131578947,11.401190828947367,13.810114315789471,9.230176565789472,0.23684210526315788,0.3829787234042553
344,45,2.8354596888888888,11.246715844444443,13.796237688888889,8.659482611111113,0.3111111111111111,0.4745762711864407
345,37,2.634787567567568,11.459422945945946,13.097160810810811,11.033494621621623,0.32432432432432434,0.4897959183673469
346,32,2.59021915625,11.451733171875,14.9167926875,9.32003025,0.28125,0.43902439024390244
347,40,2.5447734499999997,11.22734915,16.6449054,10.503843725000001,0.325,0.49056603773584906
348,29,2.7044819310344823,11.859791551724136,11.994615551724142,8.783396172413793,0.27586206896551724,0.43243243243243246
349,32,2.750576968750001,11.215105765625001,18.4556041875,9.8498485625,0.21875,0.358974358974359
350,35,2.866601542857143,11.457032714285713,14.816279057142856,7.218313599999999,0.45714285714285713,0.6274509803921569
351,32,2.7497620000000005,11.439316953125,16.586084999999997,7.632788046875,0.34375,0.5116279069767442
352,26,3.2172887692307692,11.300346846153845,16.512997115384618,9.445035403846152,0.38461538461538464,0.5555555555555556
353,32,3.2783735625000006,11.4679683125,12.10977371875,9.404124875,0.25,0.4
354,26,2.2124480384615386,11.181051519230769,16.89501076923077,9.848209750000002,0.15384615384615385,0.26666666666666666
355,25,2.36142336,11.23964652,12.99403746,8.85279632,0.44,0.6111111111111112
356,24,2.4418031250000003,11.227476375,12.391912041666666,6.914346291666667,0.2916666666666667,0.45161290322580644
357,25,3.06691104,11.311838559999998,18.34593768,10.925262700000001,0.2,0.3333333333333333
358,27,2.7223597037037033,11.33385612962963,17.537309888888892,11.05078624074074,0.25925925925925924,0.4117647058823529
359,25,2.5985061200000006,11.13651756,16.154725040000002,11.70825928,0.2,0.3333333333333333
360,18,2.465308388888889,10.993419777777776,11.247778333333333,8.089987583333333,0.4444444444444444,0.6153846153846154
361,17,2.972223764705882,11.11497988235294,13.81877094117647,10.53248244117647,0.29411764705882354,0.45454545454545453
362,32,2.9513107812499997,11.418893765625,15.725156499999999,9.981774046875,0.125,0.2222222222222222
363,15,2.6045264666666657,11.510960933333333,19.309392300000003,10.955156533333334,0.4666666666666667,0.6363636363636364
364,32,2.4890395312499995,11.313156546875,15.408118343750001,8.026365140625,0.21875,0.358974358974359
365,24,2.299646208333333,11.172023708333334,15.509755354166666,7.778653749999999,0.25,0.4
366,20,2.6913053500000004,11.149995675,13.9414751,8.1328098,0.3,0.46153846153846156
367,17,2.88088005882353,11.565533352941175,12.174940882352942,9.625285705882352,0.29411764705882354,0.45454545454545453
368,20,3.1421114999999995,11.330519950000001,20.335030825,10.2865584,0.25,0.4
369,29,2.4274097241379318,11.428263120689657,12.860904120689657,10.572487172413794,0.2413793103448276,0.3888888888888889
370,23,2.5062725652173903,11.229603152173912,18.222593173913047,8.632919152173914,0.13043478260869565,0.23076923076923078
371,17,3.2318540588235294,11.486589647058823,19.710878500000003,11.393188235294119,0.29411764705882354,0.45454545454545453
372,18,2.1786382222222223,10.941061833333332,14.759291444444443,10.1291795,0.2777777777777778,0.43478260869565216
373,17,2.254670882352941,11.275316823529414,12.86570605882353,8.328097999999999,0.23529411764705882,0.38095238095238093
374,24,2.5189774583333335,11.360898187499998,15.3261158125,11.494239833333333,0.5,0.6666666666666666
375,30,2.3404171666666667,10.648879083333334,17.54673731666667,11.453036616666669,0.4,0.5714285714285714
376,21,2.1461455714285713,11.434551761904762,15.86628095238095,7.47626580952381,0.2857142857142857,0.4444444444444444
377,20,2.576845049999999,11.108608075,16.16303205,6.17649035,0.5,0.6666666666666666
378,23,2.571389391304348,11.191019217391304,12.738142326086958,9.015469260869567,0.21739130434782608,0.35714285714285715
379,21,2.852396238095239,11.533460714285715,14.60043592857143,6.927681666666667,0.19047619047619047,0.32
380,19,2.6837022105263157,11.412607105263158,21.069421552631574,11.61432152631579,0.3157894736842105,0.48
381,19,2.936550210526316,10.652028105263158,13.52485794736842,8.016707447368422,0.3684210526315789,0.5384615384615384
382,21,2.833696238095238,11.480924071428571,13.19947711904762,8.325560452380952,0.2857142857142857,0.4444444444444444
383,24,3.1237247499999996,11.191356479166666,17.423874291666667,9.2261823125,0.2916666666666667,0.45161290322580644
384,23,2.3589281304347827,11.15114552173913,13.888665608695652,9.80480045652174,0.30434782608695654,0.4666666666666667
385,22,2.7419212272727282,11.254438159090908,16.925015727272726,7.78952934090909,0.22727272727272727,0.37037037037037035
386,14,2.671577571428571,11.023955285714285,13.453494500000001,8.786997571428572,0.0,0.0
387,26,2.717184692307692,11.298691307692309,13.553387692307693,9.803222173076923,0.19230769230769232,0.3225806451612903
388,24,2.8674620416666676,11.0026194375,17.864025,9.319681354166667,0.2916666666666667,0.45161290322580644
389,15,2.388265733333334,10.823011566666668,10.230885433333333,6.261753900000001,0.0,0.0
390,20,2.7211605000000003,10.953145875,15.689093699999997,11.670095,0.3,0.46153846153846156
391,25,2.0625662000000005,10.98186204,15.521172900000002,7.0020561,0.36,0.5294117647058824
392,32,2.5355265,11.082091312500001,16.624956078125,10.330906624999999,0.375,0.5454545454545454
393,16,2.3086983750000005,11.601088625,17.4782315625,9.6472621875,0.3125,0.47619047619047616
394,13,1.613873846153846,10.684892307692309,17.776280615384618,6.471609,0.23076923076923078,0.375
395,16,2.3619908124999993,11.099108906249999,16.876123874999998,7.8390648125,0.3125,0.47619047619047616
396,24,2.3410761666666664,11.350231416666666,12.469186875,9.7067858125,0.4583333333333333,0.6285714285714286
397,25,2.88859236,11.387961639999999,15.583746679999999,11.05937704,0.52,0.6842105263157895
398,23,3.1454076956521733,11.264277869565216,15.174719152173914,9.061986239130434,0.30434782608695654,0.4666666666666667
399,23,2.547285086956522,11.252940108695654,15.116524304347827,10.893532782608697,0.391304347826087,0.5625
400,15,2.6592159333333325,10.756641466666668,14.954354166666665,7.290332066666666,0.4666666666666667,0.6363636363636364
401,19,2.9128788947368416,11.70974394736842,17.373246210526315,8.904205078947369,0.3684210526315789,0.5384615384615384
402,26,2.971620461538462,11.411882576923079,12.347448961538465,6.765209538461538,0.19230769230769232,0.3225806451612903
403,23,2.2907345652173916,11.470833304347826,11.74132106521739,7.849939108695652,0.43478260869565216,0.6060606060606061
404,24,2.9372046249999997,11.655599166666667,15.243603833333333,8.600321916666665,0.2916666666666667,0.45161290322580644
405,14,2.8213655714285713,11.643923714285716,16.357389000000005,9.990378035714285,0.5,0.6666666666666666
406,22,2.376939727272728,11.296736227272726,17.091953272727274,9.674764204545454,0.22727272727272727,0.37037037037037035
407,20,2.3076466999999994,11.062783274999997,17.930500600000002,11.45384085,0.4,0.5714285714285714
408,27,2.354750333333333,11.08499975925926,15.314247814814816,7.678257925925925,0.3333333333333333,0.5
409,19,2.731280315789473,11.027113315789473,15.456457921052632,9.179193210526316,0.3684210526315789,0.5384615384615384
410,14,2.5205957857142853,11.348292714285714,18.422117107142856,11.797997964285715,0.5714285714285714,0.7272727272727273
411,24,2.657951875,11.3026810625,17.759722291666666,8.359460041666667,0.375,0.5454545454545454
412,14,2.692560714285714,11.57700917857143,17.41437832142857,11.334359928571429,0.42857142857142855,0.6
413,22,2.330337,11.344405272727272,12.990855590909092,6.989525636363635,0.2727272727272727,0.42857142857142855
414,21,2.651175952380952,11.559839857142858,17.084479738095236,10.544405619047618,0.23809523809523808,0.38461538461538464
415,18,3.0504080000000005,11.166634277777778,20.39624536111111,9.814995194444442,0.2222222222222222,0.36363636363636365
416,13,2.9222914615384608,11.513772923076923,16.686544807692307,7.50411573076923,0.3076923076923077,0.47058823529411764
417,17,2.463380705882354,11.222988970588236,12.91324838235294,8.023165705882354,0.23529411764705882,0.38095238095238093
418,25,2.5003844400000004,10.814251799999997,15.87273252,8.69326084,0.28,0.4375
419,25,2.57488248,10.90610704,15.27651548,7.620179440000002,0.4,0.5714285714285714
420,13,2.307903769230769,11.672678076923075,16.814146307692308,10.669229153846155,0.46153846153846156,0.631578947368421
421,14,1.8145246428571429,11.164597285714288,19.447257035714284,8.645085821428571,0.35714285714285715,0.5263157894736842
422,19,1.792814526315789,11.162908157894734,16.56805989473684,10.840223131578945,0.15789473684210525,0.2727272727272727
423,12,2.088043416666667,10.970798583333334,15.963922249999998,8.1923275,0.25,0.4
424,24,2.332839125,11.1163068125,13.584604916666668,9.9213989375,0.3333333333333333,0.5
425,17,1.9976308823529407,11.012686647058825,20.08831476470588,9.069786764705881,0.17647058823529413,0.3
426,17,2.934031647058824,11.208219411764706,13.653426264705883,12.252624588235294,0.29411764705882354,0.45454545454545453
427,18,2.3096307222222223,11.187649555555558,10.757450138888892,8.618212194444444,0.3333333333333333,0.5
428,18,2.597861277777778,11.49563738888889,14.066670611111114,10.105497111111113,0.2777777777777778,0.43478260869565216
429,12,2.5431595000000002,11.346843083333333,12.742895833333334,8.358515333333333,0.25,0.4
430,20,2.2971851500000002,11.063662099999998,12.8885702,9.24671455,0.15,0.2608695652173913
431,20,3.1469853500000005,11.376855275,16.793568825,8.83637195,0.4,0.5714285714285714
432,12,2.4457103333333334,10.951200833333333,14.295824416666667,9.873882749999998,0.0,0.0
433,16,2.7219579375,11.0516818125,19.155672,9.7007344375,0.375,0.5454545454545454
434,12,2.422782833333333,11.258356541666666,10.263803791666668,11.028711999999999,0.3333333333333333,0.5
435,16,3.0458373125,11.334153375,14.203886656249999,10.1518885625,0.375,0.5454545454545454
436,20,2.74451095,11.371411474999999,11.5851137,6.9429731750000006,0.3,0.46153846153846156
437,16,2.6662241875,11.6879233125,18.1348988125,9.8981378125,0.5625,0.72
438,18,2.7965115555555564,11.64350661111111,18.390095555555554,11.590295083333332,0.2777777777777778,0.43478260869565216
439,12,3.085416083333333,12.050805625,16.5378465,11.149205291666668,0.25,0.4
440,19,2.6433432105263157,11.128765473684211,14.219649,10.975930631578947,0.3157894736842105,0.48
441,10,2.4007205,10.7420922,13.61924685,6.9751422000000005,0.1,0.18181818181818182
442,16,3.0585238749999997,11.23772525,15.938849125,9.1177306875,0.4375,0.6086956521739131
443,19,2.7195777368421052,11.747846947368421,14.558327921052632,7.80879342105263,0.21052631578947367,0.34782608695652173
444,20,3.0818228999999997,11.29747435,15.561992149999998,9.090988425,0.2,0.3333333333333333
445,16,2.2966024375,11.121214375,13.96362484375,7.4839873125,0.5,0.6666666666666666
446,8,2.668141625,11.00984975,15.5858968125,11.155820625,0.375,0.5454545454545454
447,20,2.1390602999999997,11.335287150000001,10.2262443,7.078017075,0.45,0.6206896551724138
448,10,3.2159807999999996,12.3534255,20.59791275,11.314348299999999,0.4,0.5714285714285714
449,8,2.8588133750000004,10.92799325,17.054384999999996,16.476395875,0.375,0.5454545454545454
450,10,2.583380099999999,10.793100849999998,14.6619225,12.3953688,0.2,0.3333333333333333
451,10,3.174043199999999,11.63444835,19.881924150000003,11.572581000000003,0.5,0.6666666666666666
452,13,2.3502885384615393,11.152738192307691,12.128797730769232,11.168390884615386,0.38461538461538464,0.5555555555555556
453,16,2.51624125,11.602919125,14.274452499999999,13.27145984375,0.25,0.4
454,17,3.0000017058823523,11.07090738235294,16.036278911764704,9.815745941176472,0.35294117647058826,0.5217391304347826
455,16,2.1740594375,11.467368875,12.34433815625,6.73030909375,0.375,0.5454545454545454
456,12,2.9082733333333337,11.248119208333334,17.2088815,10.569012833333334,0.5,0.6666666666666666
457,13,2.711964,11.463561307692308,19.03799373076923,6.894171653846153,0.3076923076923077,0.47058823529411764
458,5,3.1698364,12.008685000000002,23.467843,13.771926399999998,0.4,0.5714285714285714
459,2,1.6757974999999998,10.708013999999999,10.3041885,8.943697499999999,0.0,0.0
460,11,2.3806775454545455,11.45012418181818,9.676255,7.612786727272728,0.2727272727272727,0.42857142857142855
461,9,3.2567651111111116,11.204086222222221,12.78326738888889,11.710820888888888,0.1111111111111111,0.2
462,8,2.4805089999999996,11.090955000000001,17.0422180625,5.3953975,0.5,0.6666666666666666
463,11,2.495356272727272,11.6349035,15.473682227272725,9.733948181818182,0.09090909090909091,0.16666666666666666
464,13,2.4198081538461533,11.372213769230768,12.811183499999999,6.1462917307692315,0.3076923076923077,0.47058823529411764
465,11,2.236449090909091,11.286751772727273,13.977708772727272,7.739112636363635,0.18181818181818182,0.3076923076923077
466,18,3.241874388888889,11.343419166666667,18.260056000000002,6.749842694444445,0.2222222222222222,0.36363636363636365
467,7,2.8798752857142857,10.539111214285713,23.512935499999998,11.713583642857143,0.42857142857142855,0.6
468,9,2.9355953333333336,11.449775666666664,12.150747111111109,7.169522388888889,0.3333333333333333,0.5
469,2,1.913209499999999,11.5982965,12.98737275,5.659943999999999,0.0,0.0
470,12,3.05759175,11.826597,18.352867041666666,10.579949666666666,0.3333333333333333,0.5
471,5,2.4774544000000005,11.130351999999998,21.2049869,10.621373,0.2,0.3333333333333333
472,11,2.076554181818181,10.962090545454545,19.445820181818185,12.145135500000002,0.5454545454545454,0.7058823529411765
473,10,1.9057934000000003,11.6610979,12.91875475,6.9026380000000005,0.4,0.5714285714285714
474,13,2.596364384615385,11.212076653846152,15.575769230769232,11.218483153846156,0.38461538461538464,0.5555555555555556
475,7,1.1365154285714294,10.504423214285714,14.761313214285716,11.135522428571429,0.14285714285714285,0.25
476,7,1.128370714285715,10.995116642857143,9.662542,6.083689857142857,0.5714285714285714,0.7272727272727273
477,11,2.498222,11.589546727272726,12.709598499999998,9.225221000000001,0.2727272727272727,0.42857142857142855
478,6,2.075209333333334,10.343867666666666,12.387795500000001,6.879052333333334,0.16666666666666666,0.2857142857142857
479,4,2.544233,10.560479874999999,9.364787,8.869816499999999,0.0,0.0
480,5,3.7177146000000016,12.150914199999999,27.6364316,17.747425200000002,0.4,0.5714285714285714
481,3,2.7702226666666676,10.866985333333334,19.722797333333332,17.094664666666667,0.6666666666666666,0.8
482,5,3.4152742,11.8650667,12.461206100000002,5.505707800000001,0.4,0.5714285714285714
483,8,2.5714632500000003,10.901269124999999,13.117503375,5.827695875,0.625,0.7692307692307693
484,3,2.9785386666666676,10.945762666666667,25.525188333333336,14.198644999999999,0.0,0.0
486,1,2.900228000000002,10.493232,10.706395,9.289877,1.0,1.0
