room_id,room_number
1,101
2,102
3,103
4,104
5,105
6,106
7,107
8,108
9,109
10,110
11,111
12,112
13,113
14,114
15,115
16,116
17,117
18,118
19,119
20,120
21,121
22,122
23,123
24,124
25,125
26,126
27,127
28,128
29,129
30,130
31,131
32,132
33,133
34,134
35,135
36,136
37,137
38,138
39,139
40,140
41,141
42,142
43,143
44,144
45,145
46,146
47,147
48,148
49,149
50,150
51,151
52,152
53,153
54,154
55,155
56,156
57,157
58,158
59,159
60,160
61,161
62,162
63,163
64,164
65,165
66,166
67,167
68,168
69,169
70,170
71,171
72,172
73,173
74,174
75,175
76,176
77,177
78,178
79,179
80,180
81,181
82,182
83,183
84,184
85,185
86,186
87,187
88,188
89,189
90,190
91,191
92,192
93,193
94,194
95,195
96,196
97,197
98,198
99,199
100,200
101,201
102,202
103,203
104,204
105,205
106,206
107,207
108,208
109,209
110,210
111,211
112,212
113,213
114,214
115,215
116,216
117,217
118,218
119,219
120,220
121,221
122,222
123,223
124,224
125,225
126,226
127,227
128,228
129,229
130,230
131,231
132,232
133,233
134,234
135,235
136,236
137,237
138,238
139,239
140,240
141,241
142,242
143,243
144,244
145,245
146,246
147,247
148,248
149,249
150,250
151,251
152,252
153,253
154,254
155,255
156,256
157,257
158,258
159,259
160,260
161,261
162,262
163,263
164,264
165,265
166,266
167,267
168,268
169,269
170,270
171,271
172,272
173,273
174,274
175,275
176,276
177,277
178,278
179,279
180,280
181,281
182,282
183,283
184,284
185,285
186,286
187,287
188,288
189,289
190,290
191,291
192,292
193,293
194,294
195,295
196,296
197,297
198,298
199,299
200,300
201,301
202,302
203,303
204,304
205,305
206,306
207,307
208,308
209,309
210,310
211,311
212,312
213,313
214,314
215,315
216,316
217,317
218,318
219,319
220,320
221,321
222,322
223,323
224,324
225,325
226,326
227,327
228,328
229,329
230,330
231,331
232,332
233,333
234,334
235,335
236,336
237,337
238,338
239,339
240,340
241,341
242,342
243,343
244,344
245,345
246,346
247,347
248,348
249,349
250,350
251,351
252,352
253,353
254,354
255,355
256,356
257,357
258,358
259,359
260,360
261,361
262,362
263,363
264,364
265,365
266,366
267,367
268,368
269,369
270,370
271,371
272,372
273,373
274,374
275,375
276,376
277,377
278,378
279,379
280,380
281,381
282,382
283,383
284,384
285,385
286,386
287,387
288,388
289,389
290,390
291,391
292,392
293,393
294,394
295,395
296,396
297,397
298,398
299,399
300,400
301,401
302,402
303,403
304,404
305,405
306,406
307,407
308,408
309,409
310,410
311,411
312,412
313,413
314,414
315,415
316,416
317,417
318,418
319,419
320,420
321,421
322,422
323,423
324,424
325,425
326,426
327,427
328,428
329,429
330,430
331,431
332,432
333,433
334,434
335,435
336,436
337,437
338,438
339,439
340,440
341,441
342,442
343,443
344,444
345,445
346,446
347,447
348,448
349,449
350,450
351,451
352,452
353,453
354,454
355,455
356,456
357,457
358,458
359,459
360,460
361,461
362,462
363,463
364,464
365,465
366,466
367,467
368,468
369,469
370,470
371,471
372,472
373,473
374,474
375,475
376,476
377,477
378,478
379,479
380,480
381,481
382,482
383,483
384,484
385,485
386,486
387,487
388,488
389,489
390,490
391,491
392,492
393,493
394,494
395,495
396,496
397,497
398,498
399,499
400,500
401,501
402,502
403,503
404,504
405,505
406,506
407,507
408,508
409,509
410,510
411,511
412,512
413,513
414,514
415,515
416,516
417,517
418,518
419,519
420,520
421,521
422,522
423,523
424,524
425,525
426,526
427,527
428,528
429,529
430,530
431,531
432,532
433,533
434,534
435,535
436,536
437,537
438,538
439,539
440,540
441,541
442,542
443,543
444,544
445,545
446,546
447,547
448,548
449,549
450,550
451,551
452,552
453,553
454,554
455,555
456,556
457,557
458,558
459,559
460,560
461,561
462,562
463,563
464,564
465,565
466,566
467,567
468,568
469,569
470,570
471,571
472,572
473,573
474,574
475,575
476,576
477,577
478,578
479,579
480,580
481,581
482,582
483,583
484,584
485,585
486,586
487,587
488,588
489,589
490,590
491,591
492,592
493,593
494,594
495,595
496,596
497,597
498,598
499,599
500,600
501,601
502,602
503,603
504,604
505,605
506,606
507,607
508,608
509,609
510,610
511,611
512,612
513,613
514,614
515,615
516,616
517,617
518,618
519,619
520,620
521,621
522,622
