toilet_light_id,device_id,state,timestamp
364841,6,True,2026-01-01T08:01:54+00:00
364842,6,False,2026-01-01T08:04:05+00:00
364843,6,True,2026-01-01T08:13:44+00:00
364844,6,False,2026-01-01T08:19:23+00:00
364845,6,True,2026-01-01T08:30:12+00:00
364846,6,False,2026-01-01T08:31:27+00:00
364847,6,True,2026-01-01T13:48:35+00:00
364848,6,False,2026-01-01T13:54:14+00:00
364849,6,True,2026-01-01T17:06:30+00:00
364850,6,False,2026-01-01T17:09:52+00:00
364851,6,True,2026-01-01T21:05:49+00:00
364852,6,False,2026-01-01T21:09:11+00:00
364853,6,True,2026-01-01T21:50:48+00:00
364854,6,False,2026-01-01T21:54:40+00:00
364855,6,True,2026-01-02T07:08:10+00:00
364856,6,False,2026-01-02T07:12:23+00:00
364857,6,True,2026-01-02T10:10:54+00:00
364858,6,False,2026-01-02T10:14:59+00:00
364859,6,True,2026-01-02T10:52:51+00:00
364860,6,False,2026-01-02T10:54:14+00:00
364861,6,True,2026-01-02T12:55:09+00:00
364862,6,False,2026-01-02T12:59:23+00:00
364863,6,True,2026-01-02T14:07:08+00:00
364864,6,False,2026-01-02T14:11:14+00:00
364865,6,True,2026-01-02T18:38:59+00:00
364866,6,False,2026-01-02T18:42:04+00:00
364867,6,True,2026-01-02T19:33:27+00:00
364868,6,False,2026-01-02T19:39:12+00:00
364869,6,True,2026-01-02T22:51:42+00:00
364870,6,False,2026-01-02T22:53:10+00:00
364871,12,True,2026-01-01T01:56:07+00:00
364872,12,False,2026-01-01T02:01:22+00:00
364873,12,True,2026-01-01T07:18:01+00:00
364874,12,False,2026-01-01T07:20:12+00:00
364875,12,True,2026-01-01T08:24:39+00:00
364876,12,False,2026-01-01T08:27:53+00:00
364877,12,True,2026-01-01T13:15:32+00:00
364878,12,False,2026-01-01T13:17:18+00:00
364879,12,True,2026-01-01T13:59:46+00:00
364880,12,False,2026-01-01T14:02:04+00:00
364881,12,True,2026-01-01T15:17:41+00:00
364882,12,False,2026-01-01T15:22:17+00:00
364883,12,True,2026-01-01T16:29:31+00:00
364884,12,False,2026-01-01T16:34:30+00:00
364885,12,True,2026-01-01T16:38:16+00:00
364886,12,False,2026-01-01T16:39:21+00:00
364887,12,True,2026-01-01T19:00:55+00:00
364888,12,False,2026-01-01T19:04:25+00:00
364889,12,True,2026-01-01T21:05:46+00:00
364890,12,False,2026-01-01T21:09:00+00:00
364891,12,True,2026-01-01T23:50:03+00:00
364892,12,False,2026-01-01T23:55:22+00:00
364893,12,True,2026-01-02T07:28:13+00:00
364894,12,False,2026-01-02T07:33:44+00:00
364895,12,True,2026-01-02T10:54:34+00:00
364896,12,False,2026-01-02T10:59:44+00:00
364897,12,True,2026-01-02T12:31:38+00:00
364898,12,False,2026-01-02T12:33:18+00:00
364899,12,True,2026-01-02T14:10:46+00:00
364900,12,False,2026-01-02T14:12:21+00:00
364901,12,True,2026-01-02T14:11:32+00:00
364902,12,False,2026-01-02T14:13:36+00:00
364903,12,True,2026-01-02T17:09:51+00:00
364904,12,False,2026-01-02T17:15:32+00:00
364905,12,True,2026-01-02T19:49:51+00:00
364906,12,False,2026-01-02T19:54:15+00:00
364907,12,True,2026-01-02T19:55:40+00:00
364908,12,False,2026-01-02T20:00:24+00:00
364909,12,True,2026-01-02T20:50:14+00:00
364910,12,False,2026-01-02T20:53:20+00:00
364911,12,True,2026-01-02T22:54:31+00:00
364912,12,False,2026-01-02T23:00:14+00:00
364913,12,True,2026-01-03T06:38:41+00:00
364914,12,False,2026-01-03T06:41:42+00:00
364915,12,True,2026-01-03T10:40:47+00:00
364916,12,False,2026-01-03T10:46:23+00:00
364917,12,True,2026-01-03T12:51:30+00:00
364918,12,False,2026-01-03T12:53:19+00:00
364919,12,True,2026-01-03T13:43:59+00:00
364920,12,False,2026-01-03T13:48:29+00:00
364921,12,True,2026-01-03T14:12:42+00:00
364922,12,False,2026-01-03T14:14:32+00:00
364923,12,True,2026-01-03T15:42:18+00:00
364924,12,False,2026-01-03T15:44:13+00:00
364925,12,True,2026-01-03T16:18:18+00:00
364926,12,False,2026-01-03T16:23:07+00:00
364927,12,True,2026-01-03T18:41:10+00:00
364928,12,False,2026-01-03T18:43:00+00:00
364929,12,True,2026-01-03T20:16:25+00:00
364930,12,False,2026-01-03T20:17:32+00:00
364931,12,True,2026-01-03T22:02:00+00:00
364932,12,False,2026-01-03T22:05:01+00:00
364933,12,True,2026-01-03T23:00:33+00:00
364934,12,False,2026-01-03T23:03:22+00:00
364935,12,True,2026-01-04T02:35:47+00:00
364936,12,False,2026-01-04T02:40:23+00:00
364937,12,True,2026-01-04T07:24:32+00:00
364938,12,False,2026-01-04T07:28:03+00:00
364939,12,True,2026-01-04T07:43:42+00:00
364940,12,False,2026-01-04T07:49:19+00:00
364941,12,True,2026-01-04T10:25:47+00:00
364942,12,False,2026-01-04T10:27:12+00:00
364943,12,True,2026-01-04T12:31:03+00:00
364944,12,False,2026-01-04T12:33:38+00:00
364945,12,True,2026-01-04T12:43:45+00:00
364946,12,False,2026-01-04T12:46:45+00:00
364947,12,True,2026-01-04T16:37:20+00:00
364948,12,False,2026-01-04T16:43:11+00:00
364949,12,True,2026-01-04T21:48:57+00:00
364950,12,False,2026-01-04T21:54:55+00:00
364951,12,True,2026-01-05T03:36:09+00:00
364952,12,False,2026-01-05T03:38:16+00:00
364953,12,True,2026-01-05T06:05:05+00:00
364954,12,False,2026-01-05T06:09:59+00:00
364955,12,True,2026-01-05T06:39:37+00:00
364956,12,False,2026-01-05T06:41:28+00:00
364957,12,True,2026-01-05T12:37:34+00:00
364958,12,False,2026-01-05T12:41:43+00:00
364959,12,True,2026-01-05T13:12:20+00:00
364960,12,False,2026-01-05T13:17:58+00:00
364961,12,True,2026-01-05T14:13:24+00:00
364962,12,False,2026-01-05T14:18:54+00:00
364963,12,True,2026-01-05T15:10:36+00:00
364964,12,False,2026-01-05T15:14:09+00:00
364965,12,True,2026-01-05T19:03:02+00:00
364966,12,False,2026-01-05T19:04:56+00:00
364967,12,True,2026-01-05T20:24:26+00:00
364968,12,False,2026-01-05T20:27:50+00:00
364969,12,True,2026-01-06T00:27:44+00:00
364970,12,False,2026-01-06T00:29:31+00:00
364971,12,True,2026-01-06T06:01:56+00:00
364972,12,False,2026-01-06T06:05:46+00:00
364973,12,True,2026-01-06T13:28:14+00:00
364974,12,False,2026-01-06T13:34:01+00:00
364975,12,True,2026-01-06T15:53:34+00:00
364976,12,False,2026-01-06T15:55:50+00:00
364977,12,True,2026-01-06T16:01:18+00:00
364978,12,False,2026-01-06T16:07:16+00:00
364979,12,True,2026-01-06T17:01:17+00:00
364980,12,False,2026-01-06T17:02:38+00:00
364981,12,True,2026-01-06T21:15:24+00:00
364982,12,False,2026-01-06T21:18:11+00:00
364983,12,True,2026-01-07T07:28:44+00:00
364984,12,False,2026-01-07T07:31:14+00:00
364985,12,True,2026-01-07T13:26:56+00:00
364986,12,False,2026-01-07T13:28:51+00:00
364987,12,True,2026-01-07T14:15:31+00:00
364988,12,False,2026-01-07T14:20:31+00:00
364989,12,True,2026-01-07T14:25:42+00:00
364990,12,False,2026-01-07T14:30:37+00:00
364991,12,True,2026-01-07T15:44:51+00:00
364992,12,False,2026-01-07T15:47:47+00:00
364993,12,True,2026-01-07T18:37:54+00:00
364994,12,False,2026-01-07T18:41:53+00:00
364995,12,True,2026-01-07T20:32:09+00:00
364996,12,False,2026-01-07T20:37:43+00:00
364997,12,True,2026-01-07T20:32:26+00:00
364998,12,False,2026-01-07T20:35:39+00:00
364999,12,True,2026-01-07T20:59:16+00:00
365000,12,False,2026-01-07T21:02:31+00:00
365001,12,True,2026-01-08T07:43:48+00:00
365002,12,False,2026-01-08T07:46:58+00:00
365003,12,True,2026-01-08T11:14:53+00:00
365004,12,False,2026-01-08T11:20:19+00:00
365005,12,True,2026-01-08T12:38:12+00:00
365006,12,False,2026-01-08T12:42:01+00:00
365007,12,True,2026-01-08T15:18:54+00:00
365008,12,False,2026-01-08T15:20:57+00:00
365009,12,True,2026-01-08T15:55:32+00:00
365010,12,False,2026-01-08T15:59:10+00:00
365011,12,True,2026-01-08T19:09:30+00:00
365012,12,False,2026-01-08T19:13:44+00:00
365013,12,True,2026-01-08T19:44:46+00:00
365014,12,False,2026-01-08T19:50:37+00:00
365015,12,True,2026-01-08T21:49:37+00:00
365016,12,False,2026-01-08T21:50:37+00:00
365017,18,True,2026-01-02T23:30:09+00:00
365018,18,False,2026-01-02T23:32:58+00:00
365019,18,True,2026-01-02T23:30:11+00:00
365020,18,False,2026-01-02T23:32:37+00:00
365021,18,True,2026-01-02T23:31:44+00:00
365022,18,False,2026-01-02T23:35:35+00:00
365023,18,True,2026-01-03T06:25:14+00:00
365024,18,False,2026-01-03T06:28:19+00:00
365025,18,True,2026-01-03T15:46:20+00:00
365026,18,False,2026-01-03T15:52:14+00:00
365027,18,True,2026-01-03T16:08:43+00:00
365028,18,False,2026-01-03T16:13:56+00:00
365029,18,True,2026-01-03T18:58:12+00:00
365030,18,False,2026-01-03T19:02:49+00:00
365031,18,True,2026-01-04T00:27:25+00:00
365032,18,False,2026-01-04T00:33:10+00:00
365033,18,True,2026-01-04T07:12:49+00:00
365034,18,False,2026-01-04T07:18:20+00:00
365035,18,True,2026-01-04T10:13:45+00:00
365036,18,False,2026-01-04T10:18:31+00:00
365037,18,True,2026-01-04T13:26:55+00:00
365038,18,False,2026-01-04T13:30:07+00:00
365039,18,True,2026-01-04T16:03:31+00:00
365040,18,False,2026-01-04T16:06:52+00:00
365041,18,True,2026-01-04T16:05:47+00:00
365042,18,False,2026-01-04T16:08:49+00:00
365043,18,True,2026-01-04T16:19:14+00:00
365044,18,False,2026-01-04T16:22:40+00:00
365045,18,True,2026-01-04T16:59:12+00:00
365046,18,False,2026-01-04T17:04:48+00:00
365047,18,True,2026-01-04T18:35:04+00:00
365048,18,False,2026-01-04T18:39:32+00:00
365049,18,True,2026-01-04T19:23:27+00:00
365050,18,False,2026-01-04T19:24:58+00:00
365051,18,True,2026-01-04T19:56:50+00:00
365052,18,False,2026-01-04T20:02:49+00:00
365053,18,True,2026-01-04T21:46:34+00:00
365054,18,False,2026-01-04T21:52:28+00:00
365055,18,True,2026-01-05T04:53:56+00:00
365056,18,False,2026-01-05T04:59:35+00:00
365057,18,True,2026-01-05T07:59:50+00:00
365058,18,False,2026-01-05T08:04:33+00:00
365059,18,True,2026-01-05T08:29:03+00:00
365060,18,False,2026-01-05T08:33:30+00:00
365061,18,True,2026-01-05T12:14:43+00:00
365062,18,False,2026-01-05T12:19:04+00:00
365063,18,True,2026-01-05T16:51:42+00:00
365064,18,False,2026-01-05T16:53:24+00:00
365065,18,True,2026-01-05T17:39:50+00:00
365066,18,False,2026-01-05T17:44:46+00:00
365067,18,True,2026-01-05T19:55:35+00:00
365068,18,False,2026-01-05T19:59:27+00:00
365069,18,True,2026-01-05T20:58:30+00:00
365070,18,False,2026-01-05T21:03:05+00:00
365071,18,True,2026-01-05T22:08:19+00:00
365072,18,False,2026-01-05T22:09:28+00:00
365073,18,True,2026-01-06T06:21:59+00:00
365074,18,False,2026-01-06T06:23:14+00:00
365075,18,True,2026-01-06T06:37:28+00:00
365076,18,False,2026-01-06T06:38:38+00:00
365077,18,True,2026-01-06T11:55:56+00:00
365078,18,False,2026-01-06T12:00:58+00:00
365079,18,True,2026-01-06T14:19:56+00:00
365080,18,False,2026-01-06T14:22:21+00:00
365081,18,True,2026-01-06T15:21:27+00:00
365082,18,False,2026-01-06T15:23:25+00:00
365083,18,True,2026-01-06T16:13:58+00:00
365084,18,False,2026-01-06T16:17:37+00:00
365085,18,True,2026-01-06T21:24:58+00:00
365086,18,False,2026-01-06T21:27:39+00:00
365087,18,True,2026-01-06T21:36:37+00:00
365088,18,False,2026-01-06T21:39:41+00:00
365089,18,True,2026-01-06T23:14:27+00:00
365090,18,False,2026-01-06T23:16:28+00:00
365091,18,True,2026-01-07T06:06:54+00:00
365092,18,False,2026-01-07T06:11:29+00:00
365093,18,True,2026-01-07T09:06:21+00:00
365094,18,False,2026-01-07T09:10:26+00:00
365095,18,True,2026-01-07T11:53:38+00:00
365096,18,False,2026-01-07T11:55:56+00:00
365097,18,True,2026-01-07T16:13:52+00:00
365098,18,False,2026-01-07T16:18:35+00:00
365099,18,True,2026-01-07T16:24:03+00:00
365100,18,False,2026-01-07T16:27:48+00:00
365101,18,True,2026-01-07T16:53:54+00:00
365102,18,False,2026-01-07T16:55:38+00:00
365103,18,True,2026-01-07T17:36:22+00:00
365104,18,False,2026-01-07T17:41:19+00:00
365105,18,True,2026-01-07T18:15:40+00:00
365106,18,False,2026-01-07T18:18:13+00:00
365107,18,True,2026-01-07T20:57:30+00:00
365108,18,False,2026-01-07T21:00:42+00:00
365109,18,True,2026-01-07T22:29:57+00:00
365110,18,False,2026-01-07T22:33:18+00:00
365111,18,True,2026-01-08T10:20:00+00:00
365112,18,False,2026-01-08T10:24:49+00:00
365113,18,True,2026-01-08T10:28:03+00:00
365114,18,False,2026-01-08T10:30:56+00:00
365115,18,True,2026-01-08T11:52:44+00:00
365116,18,False,2026-01-08T11:58:41+00:00
365117,18,True,2026-01-08T15:00:39+00:00
365118,18,False,2026-01-08T15:05:31+00:00
365119,18,True,2026-01-08T15:12:08+00:00
365120,18,False,2026-01-08T15:14:09+00:00
365121,18,True,2026-01-08T15:52:22+00:00
365122,18,False,2026-01-08T15:57:56+00:00
365123,18,True,2026-01-08T17:00:35+00:00
365124,18,False,2026-01-08T17:03:13+00:00
365125,18,True,2026-01-08T18:54:54+00:00
365126,18,False,2026-01-08T18:57:50+00:00
365127,18,True,2026-01-08T19:46:00+00:00
365128,18,False,2026-01-08T19:51:33+00:00
365129,18,True,2026-01-08T20:41:47+00:00
365130,18,False,2026-01-08T20:43:14+00:00
365131,6,True,2026-01-08T23:00:50+00:00
365132,6,False,2026-01-08T23:04:15+00:00
365133,6,True,2026-01-08T23:07:00+00:00
365134,6,False,2026-01-08T23:09:34+00:00
365135,6,True,2026-01-08T23:39:11+00:00
365136,6,False,2026-01-08T23:44:15+00:00
365137,6,True,2026-01-08T23:59:34+00:00
365138,6,False,2026-01-09T00:00:00+00:00
365139,6,True,2026-01-09T00:46:31+00:00
365140,6,False,2026-01-09T00:49:38+00:00
365141,6,True,2026-01-09T08:03:15+00:00
365142,6,False,2026-01-09T08:08:42+00:00
365143,6,True,2026-01-09T11:25:33+00:00
365144,6,False,2026-01-09T11:29:05+00:00
365145,6,True,2026-01-09T11:37:44+00:00
365146,6,False,2026-01-09T11:41:20+00:00
365147,6,True,2026-01-09T13:53:28+00:00
365148,6,False,2026-01-09T13:56:16+00:00
365149,6,True,2026-01-09T17:41:36+00:00
365150,6,False,2026-01-09T17:44:38+00:00
365151,6,True,2026-01-09T21:43:06+00:00
365152,6,False,2026-01-09T21:47:56+00:00
365153,12,True,2026-01-08T23:19:18+00:00
365154,12,False,2026-01-08T23:24:10+00:00
365155,12,True,2026-01-08T23:47:59+00:00
365156,12,False,2026-01-08T23:51:14+00:00
365157,12,True,2026-01-08T23:48:15+00:00
365158,12,False,2026-01-08T23:50:56+00:00
365159,12,True,2026-01-09T01:17:40+00:00
365160,12,False,2026-01-09T01:19:16+00:00
365161,12,True,2026-01-09T08:37:37+00:00
365162,12,False,2026-01-09T08:39:40+00:00
365163,12,True,2026-01-09T09:59:50+00:00
365164,12,False,2026-01-09T10:04:16+00:00
365165,12,True,2026-01-09T11:10:51+00:00
365166,12,False,2026-01-09T11:16:03+00:00
365167,12,True,2026-01-09T12:14:07+00:00
365168,12,False,2026-01-09T12:17:04+00:00
365169,12,True,2026-01-09T12:49:52+00:00
365170,12,False,2026-01-09T12:55:46+00:00
365171,12,True,2026-01-09T14:16:44+00:00
365172,12,False,2026-01-09T14:20:01+00:00
365173,12,True,2026-01-09T14:56:01+00:00
365174,12,False,2026-01-09T14:58:30+00:00
365175,12,True,2026-01-09T17:29:42+00:00
365176,12,False,2026-01-09T17:33:04+00:00
365177,12,True,2026-01-09T18:49:49+00:00
365178,12,False,2026-01-09T18:53:39+00:00
365179,12,True,2026-01-09T21:10:01+00:00
365180,12,False,2026-01-09T21:12:23+00:00
365181,12,True,2026-01-09T21:43:00+00:00
365182,12,False,2026-01-09T21:46:27+00:00
365183,12,True,2026-01-09T22:16:41+00:00
365184,12,False,2026-01-09T22:22:22+00:00
365185,18,True,2026-01-09T23:52:44+00:00
365186,18,False,2026-01-09T23:57:10+00:00
365187,18,True,2026-01-10T10:43:08+00:00
365188,18,False,2026-01-10T10:47:13+00:00
365189,18,True,2026-01-10T12:28:11+00:00
365190,18,False,2026-01-10T12:31:38+00:00
365191,18,True,2026-01-10T13:11:33+00:00
365192,18,False,2026-01-10T13:13:35+00:00
365193,18,True,2026-01-10T13:51:10+00:00
365194,18,False,2026-01-10T13:54:12+00:00
365195,18,True,2026-01-10T14:25:50+00:00
365196,18,False,2026-01-10T14:26:57+00:00
365197,18,True,2026-01-10T16:59:56+00:00
365198,18,False,2026-01-10T17:01:54+00:00
365199,18,True,2026-01-10T20:39:23+00:00
365200,18,False,2026-01-10T20:44:43+00:00
365201,18,True,2026-01-10T22:32:10+00:00
365202,18,False,2026-01-10T22:37:17+00:00
365203,18,True,2026-01-11T01:44:05+00:00
365204,18,False,2026-01-11T01:49:25+00:00
365205,18,True,2026-01-11T08:30:52+00:00
365206,18,False,2026-01-11T08:35:24+00:00
365207,18,True,2026-01-11T12:01:24+00:00
365208,18,False,2026-01-11T12:07:20+00:00
365209,18,True,2026-01-11T14:34:28+00:00
365210,18,False,2026-01-11T14:36:44+00:00
365211,18,True,2026-01-11T14:43:03+00:00
365212,18,False,2026-01-11T14:46:53+00:00
365213,18,True,2026-01-11T17:20:32+00:00
365214,18,False,2026-01-11T17:25:25+00:00
365215,18,True,2026-01-11T21:29:09+00:00
365216,18,False,2026-01-11T21:32:08+00:00
365217,18,True,2026-01-11T23:12:16+00:00
365218,18,False,2026-01-11T23:15:58+00:00
365219,18,True,2026-01-12T05:56:05+00:00
365220,18,False,2026-01-12T05:58:22+00:00
365221,18,True,2026-01-12T06:54:48+00:00
365222,18,False,2026-01-12T06:59:33+00:00
365223,18,True,2026-01-12T09:01:18+00:00
365224,18,False,2026-01-12T09:02:25+00:00
365225,18,True,2026-01-12T11:22:19+00:00
365226,18,False,2026-01-12T11:24:38+00:00
365227,18,True,2026-01-12T15:04:53+00:00
365228,18,False,2026-01-12T15:06:34+00:00
365229,18,True,2026-01-12T15:37:04+00:00
365230,18,False,2026-01-12T15:42:37+00:00
365231,18,True,2026-01-12T17:40:22+00:00
365232,18,False,2026-01-12T17:45:31+00:00
365233,18,True,2026-01-12T17:54:53+00:00
365234,18,False,2026-01-12T17:56:28+00:00
365235,18,True,2026-01-12T18:49:21+00:00
365236,18,False,2026-01-12T18:51:11+00:00
365237,18,True,2026-01-12T20:04:14+00:00
365238,18,False,2026-01-12T20:06:05+00:00
365239,18,True,2026-01-12T21:57:00+00:00
365240,18,False,2026-01-12T21:58:14+00:00
365241,18,True,2026-01-13T05:09:04+00:00
365242,18,False,2026-01-13T05:11:36+00:00
365243,18,True,2026-01-13T08:11:31+00:00
365244,18,False,2026-01-13T08:16:45+00:00
365245,18,True,2026-01-13T11:38:26+00:00
365246,18,False,2026-01-13T11:43:22+00:00
365247,18,True,2026-01-13T14:37:05+00:00
365248,18,False,2026-01-13T14:42:44+00:00
365249,18,True,2026-01-13T16:14:05+00:00
365250,18,False,2026-01-13T16:18:01+00:00
365251,18,True,2026-01-13T19:48:47+00:00
365252,18,False,2026-01-13T19:53:03+00:00
365253,18,True,2026-01-13T20:16:35+00:00
365254,18,False,2026-01-13T20:20:50+00:00
365255,18,True,2026-01-13T20:44:59+00:00
365256,18,False,2026-01-13T20:48:30+00:00
365257,18,True,2026-01-13T22:09:29+00:00
365258,18,False,2026-01-13T22:13:51+00:00
365259,24,True,2026-01-09T23:41:23+00:00
365260,24,False,2026-01-09T23:46:37+00:00
365261,24,True,2026-01-10T07:59:36+00:00
365262,24,False,2026-01-10T08:02:13+00:00
365263,24,True,2026-01-10T09:12:24+00:00
365264,24,False,2026-01-10T09:14:34+00:00
365265,24,True,2026-01-10T11:47:40+00:00
365266,24,False,2026-01-10T11:49:00+00:00
365267,24,True,2026-01-10T12:49:13+00:00
365268,24,False,2026-01-10T12:53:45+00:00
365269,24,True,2026-01-10T13:11:46+00:00
365270,24,False,2026-01-10T13:17:22+00:00
365271,24,True,2026-01-10T14:41:10+00:00
365272,24,False,2026-01-10T14:46:26+00:00
365273,24,True,2026-01-10T14:58:25+00:00
365274,24,False,2026-01-10T15:01:36+00:00
365275,24,True,2026-01-10T19:02:53+00:00
365276,24,False,2026-01-10T19:04:31+00:00
365277,24,True,2026-01-10T21:04:59+00:00
365278,24,False,2026-01-10T21:09:22+00:00
365279,24,True,2026-01-10T22:15:46+00:00
365280,24,False,2026-01-10T22:19:53+00:00
365281,24,True,2026-01-11T05:19:14+00:00
365282,24,False,2026-01-11T05:23:29+00:00
365283,24,True,2026-01-11T08:07:41+00:00
365284,24,False,2026-01-11T08:12:42+00:00
365285,24,True,2026-01-11T12:34:31+00:00
365286,24,False,2026-01-11T12:39:28+00:00
365287,24,True,2026-01-11T14:00:53+00:00
365288,24,False,2026-01-11T14:05:22+00:00
365289,24,True,2026-01-11T17:33:11+00:00
365290,24,False,2026-01-11T17:34:30+00:00
365291,24,True,2026-01-11T17:53:42+00:00
365292,24,False,2026-01-11T17:55:31+00:00
365293,24,True,2026-01-11T21:22:37+00:00
365294,24,False,2026-01-11T21:28:37+00:00
365295,24,True,2026-01-11T21:48:53+00:00
365296,24,False,2026-01-11T21:53:25+00:00
365297,24,True,2026-01-11T22:07:44+00:00
365298,24,False,2026-01-11T22:12:12+00:00
365299,24,True,2026-01-11T22:55:01+00:00
365300,24,False,2026-01-11T22:59:10+00:00
365301,24,True,2026-01-12T04:57:21+00:00
365302,24,False,2026-01-12T05:01:24+00:00
365303,24,True,2026-01-12T10:08:20+00:00
365304,24,False,2026-01-12T10:10:06+00:00
365305,24,True,2026-01-12T12:27:37+00:00
365306,24,False,2026-01-12T12:30:41+00:00
365307,24,True,2026-01-12T15:02:08+00:00
365308,24,False,2026-01-12T15:04:53+00:00
365309,24,True,2026-01-12T19:57:56+00:00
365310,24,False,2026-01-12T20:00:55+00:00
365311,24,True,2026-01-12T23:20:14+00:00
365312,24,False,2026-01-12T23:21:15+00:00
365313,24,True,2026-01-13T01:35:17+00:00
365314,24,False,2026-01-13T01:37:13+00:00
365315,24,True,2026-01-13T09:15:38+00:00
365316,24,False,2026-01-13T09:18:39+00:00
365317,24,True,2026-01-13T12:28:37+00:00
365318,24,False,2026-01-13T12:30:35+00:00
365319,24,True,2026-01-13T13:09:13+00:00
365320,24,False,2026-01-13T13:13:18+00:00
365321,24,True,2026-01-13T15:49:54+00:00
365322,24,False,2026-01-13T15:55:11+00:00
365323,24,True,2026-01-13T16:47:18+00:00
365324,24,False,2026-01-13T16:52:44+00:00
365325,24,True,2026-01-13T18:33:13+00:00
365326,24,False,2026-01-13T18:38:18+00:00
365327,24,True,2026-01-14T07:21:00+00:00
365328,24,False,2026-01-14T07:22:33+00:00
365329,24,True,2026-01-14T11:32:12+00:00
365330,24,False,2026-01-14T11:38:11+00:00
365331,24,True,2026-01-14T15:54:56+00:00
365332,24,False,2026-01-14T15:56:46+00:00
365333,24,True,2026-01-14T16:07:47+00:00
365334,24,False,2026-01-14T16:13:29+00:00
365335,24,True,2026-01-14T16:36:05+00:00
365336,24,False,2026-01-14T16:40:56+00:00
365337,24,True,2026-01-14T17:30:38+00:00
365338,24,False,2026-01-14T17:35:30+00:00
365339,24,True,2026-01-14T20:19:12+00:00
365340,24,False,2026-01-14T20:23:23+00:00
365341,24,True,2026-01-14T20:50:40+00:00
365342,24,False,2026-01-14T20:55:42+00:00
365343,24,True,2026-01-14T21:53:04+00:00
365344,24,False,2026-01-14T21:54:51+00:00
365345,24,True,2026-01-15T01:06:45+00:00
365346,24,False,2026-01-15T01:11:15+00:00
365347,24,True,2026-01-15T06:28:05+00:00
365348,24,False,2026-01-15T06:31:44+00:00
365349,24,True,2026-01-15T08:37:05+00:00
365350,24,False,2026-01-15T08:39:53+00:00
365351,24,True,2026-01-15T15:11:12+00:00
365352,24,False,2026-01-15T15:15:20+00:00
365353,24,True,2026-01-15T17:03:47+00:00
365354,24,False,2026-01-15T17:06:42+00:00
365355,24,True,2026-01-15T20:26:03+00:00
365356,24,False,2026-01-15T20:27:17+00:00
365357,6,True,2026-01-13T23:00:25+00:00
365358,6,False,2026-01-13T23:02:38+00:00
365359,6,True,2026-01-13T23:12:23+00:00
365360,6,False,2026-01-13T23:14:35+00:00
365361,6,True,2026-01-13T23:23:57+00:00
365362,6,False,2026-01-13T23:25:43+00:00
365363,6,True,2026-01-14T05:09:58+00:00
365364,6,False,2026-01-14T05:11:41+00:00
365365,6,True,2026-01-14T06:27:10+00:00
365366,6,False,2026-01-14T06:31:56+00:00
365367,6,True,2026-01-14T06:44:33+00:00
365368,6,False,2026-01-14T06:49:19+00:00
365369,6,True,2026-01-14T08:28:36+00:00
365370,6,False,2026-01-14T08:33:58+00:00
365371,6,True,2026-01-14T14:48:26+00:00
365372,6,False,2026-01-14T14:49:49+00:00
365373,6,True,2026-01-14T16:25:45+00:00
365374,6,False,2026-01-14T16:27:13+00:00
365375,6,True,2026-01-14T16:47:46+00:00
365376,6,False,2026-01-14T16:50:34+00:00
365377,6,True,2026-01-14T17:23:55+00:00
365378,6,False,2026-01-14T17:27:23+00:00
365379,6,True,2026-01-14T19:10:33+00:00
365380,6,False,2026-01-14T19:13:30+00:00
365381,6,True,2026-01-14T19:35:57+00:00
365382,6,False,2026-01-14T19:39:58+00:00
365383,6,True,2026-01-14T21:27:38+00:00
365384,6,False,2026-01-14T21:28:59+00:00
365385,6,True,2026-01-14T22:50:51+00:00
365386,6,False,2026-01-14T22:52:30+00:00
365387,6,True,2026-01-15T02:38:06+00:00
365388,6,False,2026-01-15T02:40:04+00:00
365389,6,True,2026-01-15T11:37:34+00:00
365390,6,False,2026-01-15T11:42:29+00:00
365391,6,True,2026-01-15T12:57:48+00:00
365392,6,False,2026-01-15T13:00:52+00:00
365393,6,True,2026-01-15T15:58:30+00:00
365394,6,False,2026-01-15T16:00:10+00:00
365395,6,True,2026-01-15T19:31:49+00:00
365396,6,False,2026-01-15T19:33:28+00:00
365397,6,True,2026-01-15T20:01:00+00:00
365398,6,False,2026-01-15T20:06:21+00:00
365399,6,True,2026-01-15T21:01:53+00:00
365400,6,False,2026-01-15T21:05:52+00:00
365401,6,True,2026-01-16T07:19:58+00:00
365402,6,False,2026-01-16T07:23:09+00:00
365403,6,True,2026-01-16T13:36:44+00:00
365404,6,False,2026-01-16T13:41:56+00:00
365405,6,True,2026-01-16T17:42:56+00:00
365406,6,False,2026-01-16T17:48:52+00:00
365407,6,True,2026-01-16T19:22:26+00:00
365408,6,False,2026-01-16T19:27:11+00:00
365409,6,True,2026-01-16T20:52:39+00:00
365410,6,False,2026-01-16T20:56:14+00:00
365411,6,True,2026-01-16T23:42:32+00:00
365412,6,False,2026-01-16T23:46:32+00:00
365413,6,True,2026-01-17T06:49:18+00:00
365414,6,False,2026-01-17T06:54:37+00:00
365415,6,True,2026-01-17T11:24:26+00:00
365416,6,False,2026-01-17T11:25:47+00:00
365417,6,True,2026-01-17T11:35:52+00:00
365418,6,False,2026-01-17T11:38:28+00:00
365419,6,True,2026-01-17T12:33:47+00:00
365420,6,False,2026-01-17T12:37:42+00:00
365421,6,True,2026-01-17T12:56:31+00:00
365422,6,False,2026-01-17T12:58:59+00:00
365423,6,True,2026-01-17T16:06:02+00:00
365424,6,False,2026-01-17T16:10:46+00:00
365425,6,True,2026-01-17T20:34:29+00:00
365426,6,False,2026-01-17T20:38:58+00:00
365427,6,True,2026-01-17T21:23:37+00:00
365428,6,False,2026-01-17T21:25:03+00:00
365429,6,True,2026-01-17T21:31:34+00:00
365430,6,False,2026-01-17T21:33:07+00:00
365431,6,True,2026-01-18T06:44:30+00:00
365432,6,False,2026-01-18T06:46:42+00:00
365433,6,True,2026-01-18T11:18:15+00:00
365434,6,False,2026-01-18T11:22:35+00:00
365435,6,True,2026-01-18T14:49:04+00:00
365436,6,False,2026-01-18T14:53:16+00:00
365437,6,True,2026-01-18T17:05:14+00:00
365438,6,False,2026-01-18T17:07:19+00:00
365439,6,True,2026-01-18T23:52:48+00:00
365440,6,False,2026-01-18T23:57:24+00:00
365441,6,True,2026-01-19T01:44:51+00:00
365442,6,False,2026-01-19T01:47:46+00:00
365443,6,True,2026-01-19T06:55:14+00:00
365444,6,False,2026-01-19T07:00:50+00:00
365445,6,True,2026-01-19T10:37:15+00:00
365446,6,False,2026-01-19T10:38:34+00:00
365447,6,True,2026-01-19T13:24:14+00:00
365448,6,False,2026-01-19T13:26:37+00:00
365449,6,True,2026-01-19T15:25:44+00:00
365450,6,False,2026-01-19T15:28:08+00:00
365451,6,True,2026-01-19T17:26:10+00:00
365452,6,False,2026-01-19T17:30:16+00:00
365453,6,True,2026-01-19T20:07:47+00:00
365454,6,False,2026-01-19T20:13:20+00:00
365455,6,True,2026-01-19T20:35:36+00:00
365456,6,False,2026-01-19T20:40:36+00:00
365457,6,True,2026-01-19T22:05:10+00:00
365458,6,False,2026-01-19T22:11:02+00:00
365459,6,True,2026-01-19T23:33:27+00:00
365460,6,False,2026-01-19T23:36:51+00:00
365461,6,True,2026-01-20T06:28:29+00:00
365462,6,False,2026-01-20T06:33:35+00:00
365463,6,True,2026-01-20T11:50:10+00:00
365464,6,False,2026-01-20T11:52:02+00:00
365465,6,True,2026-01-20T12:45:48+00:00
365466,6,False,2026-01-20T12:48:10+00:00
365467,6,True,2026-01-20T14:35:40+00:00
365468,6,False,2026-01-20T14:37:55+00:00
365469,6,True,2026-01-20T21:10:55+00:00
365470,6,False,2026-01-20T21:12:08+00:00
365471,6,True,2026-01-20T22:06:22+00:00
365472,6,False,2026-01-20T22:10:33+00:00
365473,6,True,2026-01-21T01:19:45+00:00
365474,6,False,2026-01-21T01:21:55+00:00
365475,6,True,2026-01-21T07:15:47+00:00
365476,6,False,2026-01-21T07:20:36+00:00
365477,6,True,2026-01-21T10:16:11+00:00
365478,6,False,2026-01-21T10:17:20+00:00
365479,6,True,2026-01-21T13:00:43+00:00
365480,6,False,2026-01-21T13:02:07+00:00
365481,6,True,2026-01-21T13:06:32+00:00
365482,6,False,2026-01-21T13:11:26+00:00
365483,6,True,2026-01-21T14:09:46+00:00
365484,6,False,2026-01-21T14:15:01+00:00
365485,6,True,2026-01-21T14:37:20+00:00
365486,6,False,2026-01-21T14:42:43+00:00
365487,6,True,2026-01-21T14:44:28+00:00
365488,6,False,2026-01-21T14:47:57+00:00
365489,6,True,2026-01-21T21:47:30+00:00
365490,6,False,2026-01-21T21:50:05+00:00
365491,6,True,2026-01-21T23:11:39+00:00
365492,6,False,2026-01-21T23:15:43+00:00
365493,6,True,2026-01-22T06:23:46+00:00
365494,6,False,2026-01-22T06:28:04+00:00
365495,6,True,2026-01-22T10:16:45+00:00
365496,6,False,2026-01-22T10:17:53+00:00
365497,6,True,2026-01-22T12:56:36+00:00
365498,6,False,2026-01-22T13:02:33+00:00
365499,6,True,2026-01-22T17:43:06+00:00
365500,6,False,2026-01-22T17:44:28+00:00
365501,6,True,2026-01-22T17:58:51+00:00
365502,6,False,2026-01-22T18:01:20+00:00
365503,6,True,2026-01-22T18:34:27+00:00
365504,6,False,2026-01-22T18:39:21+00:00
365505,6,True,2026-01-22T19:13:38+00:00
365506,6,False,2026-01-22T19:16:20+00:00
365507,6,True,2026-01-22T19:39:32+00:00
365508,6,False,2026-01-22T19:43:10+00:00
365509,6,True,2026-01-22T23:45:00+00:00
365510,6,False,2026-01-22T23:50:38+00:00
365511,6,True,2026-01-23T03:14:57+00:00
365512,6,False,2026-01-23T03:16:21+00:00
365513,6,True,2026-01-23T09:20:59+00:00
365514,6,False,2026-01-23T09:25:42+00:00
365515,6,True,2026-01-23T13:42:01+00:00
365516,6,False,2026-01-23T13:47:26+00:00
365517,6,True,2026-01-23T15:05:09+00:00
365518,6,False,2026-01-23T15:09:46+00:00
365519,6,True,2026-01-23T15:20:37+00:00
365520,6,False,2026-01-23T15:23:09+00:00
365521,6,True,2026-01-23T16:30:59+00:00
365522,6,False,2026-01-23T16:32:39+00:00
365523,6,True,2026-01-23T16:31:42+00:00
365524,6,False,2026-01-23T16:36:30+00:00
365525,6,True,2026-01-23T18:23:07+00:00
365526,6,False,2026-01-23T18:27:49+00:00
365527,6,True,2026-01-23T21:11:59+00:00
365528,6,False,2026-01-23T21:13:28+00:00
365529,6,True,2026-01-23T21:12:32+00:00
365530,6,False,2026-01-23T21:16:38+00:00
365531,6,True,2026-01-23T22:04:11+00:00
365532,6,False,2026-01-23T22:06:32+00:00
365533,6,True,2026-01-24T00:19:00+00:00
365534,6,False,2026-01-24T00:21:04+00:00
365535,6,True,2026-01-24T09:17:46+00:00
365536,6,False,2026-01-24T09:23:36+00:00
365537,6,True,2026-01-24T09:29:05+00:00
365538,6,False,2026-01-24T09:33:55+00:00
365539,6,True,2026-01-24T13:15:11+00:00
365540,6,False,2026-01-24T13:20:42+00:00
365541,6,True,2026-01-24T17:13:26+00:00
365542,6,False,2026-01-24T17:16:48+00:00
365543,6,True,2026-01-24T22:32:32+00:00
365544,6,False,2026-01-24T22:36:50+00:00
365545,6,True,2026-01-24T22:42:45+00:00
365546,6,False,2026-01-24T22:45:58+00:00
365547,6,True,2026-01-25T01:49:19+00:00
365548,6,False,2026-01-25T01:51:21+00:00
365549,6,True,2026-01-25T10:03:05+00:00
365550,6,False,2026-01-25T10:04:49+00:00
365551,6,True,2026-01-25T12:35:27+00:00
365552,6,False,2026-01-25T12:38:55+00:00
365553,6,True,2026-01-25T15:09:44+00:00
365554,6,False,2026-01-25T15:12:13+00:00
365555,6,True,2026-01-25T16:56:05+00:00
365556,6,False,2026-01-25T16:58:07+00:00
365557,6,True,2026-01-25T17:00:22+00:00
365558,6,False,2026-01-25T17:03:23+00:00
365559,6,True,2026-01-25T19:10:52+00:00
365560,6,False,2026-01-25T19:12:36+00:00
365561,6,True,2026-01-25T22:15:15+00:00
365562,6,False,2026-01-25T22:20:20+00:00
365563,6,True,2026-01-25T23:01:16+00:00
365564,6,False,2026-01-25T23:07:10+00:00
365565,6,True,2026-01-26T04:14:24+00:00
365566,6,False,2026-01-26T04:19:48+00:00
365567,6,True,2026-01-26T07:39:22+00:00
365568,6,False,2026-01-26T07:41:28+00:00
365569,6,True,2026-01-26T11:21:00+00:00
365570,6,False,2026-01-26T11:22:28+00:00
365571,6,True,2026-01-26T11:49:24+00:00
365572,6,False,2026-01-26T11:52:59+00:00
365573,6,True,2026-01-26T14:35:07+00:00
365574,6,False,2026-01-26T14:36:47+00:00
365575,6,True,2026-01-26T15:08:58+00:00
365576,6,False,2026-01-26T15:14:40+00:00
365577,6,True,2026-01-26T16:43:23+00:00
365578,6,False,2026-01-26T16:48:56+00:00
365579,6,True,2026-01-26T19:33:29+00:00
365580,6,False,2026-01-26T19:39:17+00:00
365581,6,True,2026-01-26T21:04:23+00:00
365582,6,False,2026-01-26T21:06:04+00:00
365583,12,True,2026-01-15T23:39:03+00:00
365584,12,False,2026-01-15T23:43:36+00:00
365585,12,True,2026-01-15T23:52:21+00:00
365586,12,False,2026-01-15T23:58:00+00:00
365587,12,True,2026-01-16T04:07:41+00:00
365588,12,False,2026-01-16T04:09:18+00:00
365589,12,True,2026-01-16T10:13:38+00:00
365590,12,False,2026-01-16T10:16:22+00:00
365591,12,True,2026-01-16T10:24:27+00:00
365592,12,False,2026-01-16T10:28:10+00:00
365593,12,True,2026-01-16T12:57:59+00:00
365594,12,False,2026-01-16T13:01:42+00:00
365595,12,True,2026-01-16T13:11:24+00:00
365596,12,False,2026-01-16T13:16:14+00:00
365597,12,True,2026-01-16T15:22:21+00:00
365598,12,False,2026-01-16T15:25:49+00:00
365599,12,True,2026-01-16T16:41:14+00:00
365600,12,False,2026-01-16T16:45:48+00:00
365601,12,True,2026-01-16T17:06:44+00:00
365602,12,False,2026-01-16T17:09:05+00:00
365603,12,True,2026-01-16T19:27:01+00:00
365604,12,False,2026-01-16T19:32:24+00:00
365605,12,True,2026-01-16T19:43:40+00:00
365606,12,False,2026-01-16T19:48:54+00:00
365607,12,True,2026-01-16T22:32:07+00:00
365608,12,False,2026-01-16T22:37:25+00:00
365609,12,True,2026-01-17T08:33:39+00:00
365610,12,False,2026-01-17T08:38:52+00:00
365611,12,True,2026-01-17T12:04:27+00:00
365612,12,False,2026-01-17T12:06:35+00:00
365613,12,True,2026-01-17T12:58:42+00:00
365614,12,False,2026-01-17T13:03:08+00:00
365615,12,True,2026-01-17T14:36:03+00:00
365616,12,False,2026-01-17T14:41:54+00:00
365617,12,True,2026-01-17T15:55:20+00:00
365618,12,False,2026-01-17T15:58:47+00:00
365619,12,True,2026-01-17T16:53:06+00:00
365620,12,False,2026-01-17T16:58:47+00:00
365621,12,True,2026-01-17T19:10:16+00:00
365622,12,False,2026-01-17T19:12:05+00:00
365623,12,True,2026-01-18T04:33:06+00:00
365624,12,False,2026-01-18T04:34:26+00:00
365625,12,True,2026-01-18T10:18:43+00:00
365626,12,False,2026-01-18T10:23:36+00:00
365627,12,True,2026-01-18T10:43:37+00:00
365628,12,False,2026-01-18T10:45:48+00:00
365629,12,True,2026-01-18T14:43:25+00:00
365630,12,False,2026-01-18T14:47:17+00:00
365631,12,True,2026-01-18T15:34:36+00:00
365632,12,False,2026-01-18T15:39:46+00:00
365633,12,True,2026-01-18T17:36:41+00:00
365634,12,False,2026-01-18T17:37:49+00:00
365635,12,True,2026-01-18T18:14:33+00:00
365636,12,False,2026-01-18T18:19:35+00:00
365637,12,True,2026-01-18T20:48:01+00:00
365638,12,False,2026-01-18T20:53:57+00:00
365639,12,True,2026-01-18T23:18:46+00:00
365640,12,False,2026-01-18T23:24:44+00:00
365641,12,True,2026-01-18T23:43:39+00:00
365642,12,False,2026-01-18T23:47:53+00:00
365643,12,True,2026-01-19T02:51:19+00:00
365644,12,False,2026-01-19T02:55:53+00:00
365645,12,True,2026-01-19T10:34:03+00:00
365646,12,False,2026-01-19T10:39:04+00:00
365647,12,True,2026-01-19T11:33:56+00:00
365648,12,False,2026-01-19T11:35:27+00:00
365649,12,True,2026-01-19T14:51:21+00:00
365650,12,False,2026-01-19T14:53:49+00:00
365651,12,True,2026-01-19T15:25:47+00:00
365652,12,False,2026-01-19T15:31:26+00:00
365653,12,True,2026-01-19T16:21:15+00:00
365654,12,False,2026-01-19T16:24:30+00:00
365655,12,True,2026-01-19T16:46:58+00:00
365656,12,False,2026-01-19T16:50:04+00:00
365657,12,True,2026-01-19T19:53:12+00:00
365658,12,False,2026-01-19T19:56:54+00:00
365659,12,True,2026-01-19T20:37:50+00:00
365660,12,False,2026-01-19T20:41:10+00:00
365661,12,True,2026-01-19T22:27:03+00:00
365662,12,False,2026-01-19T22:32:41+00:00
365663,12,True,2026-01-20T06:22:58+00:00
365664,12,False,2026-01-20T06:24:38+00:00
365665,12,True,2026-01-20T08:37:05+00:00
365666,12,False,2026-01-20T08:40:16+00:00
365667,12,True,2026-01-20T12:59:39+00:00
365668,12,False,2026-01-20T13:05:39+00:00
365669,12,True,2026-01-20T13:14:58+00:00
365670,12,False,2026-01-20T13:20:29+00:00
365671,12,True,2026-01-20T14:28:20+00:00
365672,12,False,2026-01-20T14:30:11+00:00
365673,12,True,2026-01-20T17:06:56+00:00
365674,12,False,2026-01-20T17:08:47+00:00
365675,12,True,2026-01-20T21:42:13+00:00
365676,12,False,2026-01-20T21:47:16+00:00
365677,12,True,2026-01-20T23:56:33+00:00
365678,12,False,2026-01-21T00:00:00+00:00
365679,12,True,2026-01-21T08:06:49+00:00
365680,12,False,2026-01-21T08:08:08+00:00
365681,12,True,2026-01-21T10:52:15+00:00
365682,12,False,2026-01-21T10:54:45+00:00
365683,12,True,2026-01-21T11:13:33+00:00
365684,12,False,2026-01-21T11:17:56+00:00
365685,12,True,2026-01-21T12:05:03+00:00
365686,12,False,2026-01-21T12:06:57+00:00
365687,12,True,2026-01-21T12:20:27+00:00
365688,12,False,2026-01-21T12:25:19+00:00
365689,12,True,2026-01-21T14:42:57+00:00
365690,12,False,2026-01-21T14:48:09+00:00
365691,12,True,2026-01-21T17:10:10+00:00
365692,12,False,2026-01-21T17:15:28+00:00
365693,12,True,2026-01-21T21:00:35+00:00
365694,12,False,2026-01-21T21:02:58+00:00
365695,12,True,2026-01-22T08:41:07+00:00
365696,12,False,2026-01-22T08:43:45+00:00
365697,12,True,2026-01-22T09:04:06+00:00
365698,12,False,2026-01-22T09:08:33+00:00
365699,12,True,2026-01-22T11:10:05+00:00
365700,12,False,2026-01-22T11:11:49+00:00
365701,12,True,2026-01-22T14:15:28+00:00
365702,12,False,2026-01-22T14:16:31+00:00
365703,12,True,2026-01-22T14:56:43+00:00
365704,12,False,2026-01-22T14:59:59+00:00
365705,12,True,2026-01-22T16:20:45+00:00
365706,12,False,2026-01-22T16:26:38+00:00
365707,12,True,2026-01-22T18:33:55+00:00
365708,12,False,2026-01-22T18:38:53+00:00
365709,12,True,2026-01-22T19:04:33+00:00
365710,12,False,2026-01-22T19:09:50+00:00
365711,12,True,2026-01-23T08:41:07+00:00
365712,12,False,2026-01-23T08:44:00+00:00
365713,12,True,2026-01-23T09:20:43+00:00
365714,12,False,2026-01-23T09:23:01+00:00
365715,12,True,2026-01-23T11:35:40+00:00
365716,12,False,2026-01-23T11:39:51+00:00
365717,12,True,2026-01-23T12:44:42+00:00
365718,12,False,2026-01-23T12:50:11+00:00
365719,12,True,2026-01-23T13:59:16+00:00
365720,12,False,2026-01-23T14:00:55+00:00
365721,12,True,2026-01-23T14:15:08+00:00
365722,12,False,2026-01-23T14:20:48+00:00
365723,12,True,2026-01-23T16:53:33+00:00
365724,12,False,2026-01-23T16:59:07+00:00
365725,12,True,2026-01-23T17:25:23+00:00
365726,12,False,2026-01-23T17:30:49+00:00
365727,12,True,2026-01-23T18:30:23+00:00
365728,12,False,2026-01-23T18:35:15+00:00
365729,12,True,2026-01-23T18:49:39+00:00
365730,12,False,2026-01-23T18:55:27+00:00
365731,12,True,2026-01-23T22:03:17+00:00
365732,12,False,2026-01-23T22:06:54+00:00
365733,12,True,2026-01-23T22:38:43+00:00
365734,12,False,2026-01-23T22:39:44+00:00
365735,12,True,2026-01-24T10:17:48+00:00
365736,12,False,2026-01-24T10:19:04+00:00
365737,12,True,2026-01-24T15:49:34+00:00
365738,12,False,2026-01-24T15:53:45+00:00
365739,12,True,2026-01-24T17:50:21+00:00
365740,12,False,2026-01-24T17:54:34+00:00
365741,12,True,2026-01-24T17:52:44+00:00
365742,12,False,2026-01-24T17:58:20+00:00
365743,12,True,2026-01-24T19:37:28+00:00
365744,12,False,2026-01-24T19:43:03+00:00
365745,12,True,2026-01-25T08:42:56+00:00
365746,12,False,2026-01-25T08:47:53+00:00
365747,12,True,2026-01-25T13:24:43+00:00
365748,12,False,2026-01-25T13:28:04+00:00
365749,12,True,2026-01-25T14:05:25+00:00
365750,12,False,2026-01-25T14:07:22+00:00
365751,12,True,2026-01-25T14:15:10+00:00
365752,12,False,2026-01-25T14:16:18+00:00
365753,12,True,2026-01-25T15:09:02+00:00
365754,12,False,2026-01-25T15:10:19+00:00
365755,12,True,2026-01-25T16:11:33+00:00
365756,12,False,2026-01-25T16:12:57+00:00
365757,12,True,2026-01-25T18:30:49+00:00
365758,12,False,2026-01-25T18:33:00+00:00
365759,12,True,2026-01-25T19:58:39+00:00
365760,12,False,2026-01-25T20:04:33+00:00
365761,12,True,2026-01-25T20:07:58+00:00
365762,12,False,2026-01-25T20:11:42+00:00
365763,12,True,2026-01-25T22:54:46+00:00
365764,12,False,2026-01-25T23:00:12+00:00
365765,12,True,2026-01-26T05:03:34+00:00
365766,12,False,2026-01-26T05:08:47+00:00
365767,12,True,2026-01-26T08:54:04+00:00
365768,12,False,2026-01-26T08:58:37+00:00
365769,12,True,2026-01-26T09:28:09+00:00
365770,12,False,2026-01-26T09:30:43+00:00
365771,12,True,2026-01-26T10:46:25+00:00
365772,12,False,2026-01-26T10:49:20+00:00
365773,12,True,2026-01-26T12:31:28+00:00
365774,12,False,2026-01-26T12:36:59+00:00
365775,12,True,2026-01-26T15:45:22+00:00
365776,12,False,2026-01-26T15:48:06+00:00
365777,12,True,2026-01-26T15:47:28+00:00
365778,12,False,2026-01-26T15:52:18+00:00
365779,12,True,2026-01-26T17:04:21+00:00
365780,12,False,2026-01-26T17:06:58+00:00
365781,12,True,2026-01-26T17:07:08+00:00
365782,12,False,2026-01-26T17:08:28+00:00
365783,12,True,2026-01-26T19:54:04+00:00
365784,12,False,2026-01-26T19:57:54+00:00
365785,12,True,2026-01-26T22:21:48+00:00
365786,12,False,2026-01-26T22:24:36+00:00
365787,12,True,2026-01-27T08:10:42+00:00
365788,12,False,2026-01-27T08:14:26+00:00
365789,12,True,2026-01-27T11:01:30+00:00
365790,12,False,2026-01-27T11:07:03+00:00
365791,12,True,2026-01-27T12:53:51+00:00
365792,12,False,2026-01-27T12:58:51+00:00
365793,12,True,2026-01-27T16:14:30+00:00
365794,12,False,2026-01-27T16:17:14+00:00
365795,12,True,2026-01-27T16:31:34+00:00
365796,12,False,2026-01-27T16:37:22+00:00
365797,12,True,2026-01-27T16:40:03+00:00
365798,12,False,2026-01-27T16:41:11+00:00
365799,12,True,2026-01-27T19:23:14+00:00
365800,12,False,2026-01-27T19:26:11+00:00
365801,12,True,2026-01-27T19:47:08+00:00
365802,12,False,2026-01-27T19:52:23+00:00
365803,12,True,2026-01-27T20:41:12+00:00
365804,12,False,2026-01-27T20:45:04+00:00
365805,12,True,2026-01-27T21:00:09+00:00
365806,12,False,2026-01-27T21:05:20+00:00
365807,12,True,2026-01-28T06:32:04+00:00
365808,12,False,2026-01-28T06:33:21+00:00
365809,12,True,2026-01-28T10:46:08+00:00
365810,12,False,2026-01-28T10:47:32+00:00
365811,12,True,2026-01-28T11:50:30+00:00
365812,12,False,2026-01-28T11:53:28+00:00
365813,12,True,2026-01-28T15:23:49+00:00
365814,12,False,2026-01-28T15:25:19+00:00
365815,12,True,2026-01-28T16:09:02+00:00
365816,12,False,2026-01-28T16:14:09+00:00
365817,12,True,2026-01-28T16:36:11+00:00
365818,12,False,2026-01-28T16:41:43+00:00
365819,12,True,2026-01-28T18:09:21+00:00
365820,12,False,2026-01-28T18:14:38+00:00
365821,12,True,2026-01-28T20:36:34+00:00
365822,12,False,2026-01-28T20:39:05+00:00
365823,12,True,2026-01-28T22:52:35+00:00
365824,12,False,2026-01-28T22:54:51+00:00
365825,12,True,2026-01-29T09:41:44+00:00
365826,12,False,2026-01-29T09:47:33+00:00
365827,12,True,2026-01-29T10:10:40+00:00
365828,12,False,2026-01-29T10:14:13+00:00
365829,12,True,2026-01-29T12:51:03+00:00
365830,12,False,2026-01-29T12:55:17+00:00
365831,12,True,2026-01-29T15:41:20+00:00
365832,12,False,2026-01-29T15:42:24+00:00
365833,12,True,2026-01-29T18:52:04+00:00
365834,12,False,2026-01-29T18:57:34+00:00
365835,12,True,2026-01-29T21:00:55+00:00
365836,12,False,2026-01-29T21:06:45+00:00
365837,12,True,2026-01-29T23:09:01+00:00
365838,12,False,2026-01-29T23:10:39+00:00
365839,12,True,2026-01-29T23:52:12+00:00
365840,12,False,2026-01-29T23:57:50+00:00
365841,12,True,2026-01-30T00:08:33+00:00
365842,12,False,2026-01-30T00:11:19+00:00
365843,12,True,2026-01-30T06:42:01+00:00
365844,12,False,2026-01-30T06:44:24+00:00
365845,12,True,2026-01-30T08:43:26+00:00
365846,12,False,2026-01-30T08:47:45+00:00
365847,12,True,2026-01-30T09:37:31+00:00
365848,12,False,2026-01-30T09:41:47+00:00
365849,12,True,2026-01-30T15:08:53+00:00
365850,12,False,2026-01-30T15:10:20+00:00
365851,12,True,2026-01-30T16:33:29+00:00
365852,12,False,2026-01-30T16:35:07+00:00
365853,12,True,2026-01-30T18:16:10+00:00
365854,12,False,2026-01-30T18:21:00+00:00
365855,12,True,2026-01-30T20:29:16+00:00
365856,12,False,2026-01-30T20:33:28+00:00
365857,12,True,2026-01-30T20:58:14+00:00
365858,12,False,2026-01-30T21:02:28+00:00
365859,12,True,2026-01-30T23:46:18+00:00
365860,12,False,2026-01-30T23:49:24+00:00
365861,12,True,2026-01-31T02:52:56+00:00
365862,12,False,2026-01-31T02:57:00+00:00
365863,12,True,2026-01-31T09:16:33+00:00
365864,12,False,2026-01-31T09:19:51+00:00
365865,12,True,2026-01-31T10:02:53+00:00
365866,12,False,2026-01-31T10:07:33+00:00
365867,12,True,2026-01-31T12:14:20+00:00
365868,12,False,2026-01-31T12:16:07+00:00
365869,12,True,2026-01-31T12:48:56+00:00
365870,12,False,2026-01-31T12:53:13+00:00
365871,12,True,2026-01-31T12:56:24+00:00
365872,12,False,2026-01-31T12:58:07+00:00
365873,12,True,2026-01-31T15:13:17+00:00
365874,12,False,2026-01-31T15:16:21+00:00
365875,12,True,2026-01-31T17:02:40+00:00
365876,12,False,2026-01-31T17:06:54+00:00
365877,12,True,2026-01-31T18:34:33+00:00
365878,12,False,2026-01-31T18:36:58+00:00
365879,12,True,2026-01-31T19:19:41+00:00
365880,12,False,2026-01-31T19:24:48+00:00
365881,12,True,2026-01-31T22:29:18+00:00
365882,12,False,2026-01-31T22:32:24+00:00
365883,12,True,2026-02-01T00:58:25+00:00
365884,12,False,2026-02-01T01:00:34+00:00
365885,12,True,2026-02-01T09:27:28+00:00
365886,12,False,2026-02-01T09:31:16+00:00
365887,12,True,2026-02-01T11:38:42+00:00
365888,12,False,2026-02-01T11:40:51+00:00
365889,12,True,2026-02-01T13:37:00+00:00
365890,12,False,2026-02-01T13:41:23+00:00
365891,12,True,2026-02-01T14:51:35+00:00
365892,12,False,2026-02-01T14:56:46+00:00
365893,12,True,2026-02-01T16:21:36+00:00
365894,12,False,2026-02-01T16:25:22+00:00
365895,12,True,2026-02-01T19:02:11+00:00
365896,12,False,2026-02-01T19:07:50+00:00
365897,12,True,2026-02-01T19:49:07+00:00
365898,12,False,2026-02-01T19:50:20+00:00
365899,12,True,2026-02-01T21:19:20+00:00
365900,12,False,2026-02-01T21:22:07+00:00
365901,12,True,2026-02-01T23:07:56+00:00
365902,12,False,2026-02-01T23:09:31+00:00
365903,12,True,2026-02-02T07:24:10+00:00
365904,12,False,2026-02-02T07:28:46+00:00
365905,12,True,2026-02-02T11:59:43+00:00
365906,12,False,2026-02-02T12:04:48+00:00
365907,12,True,2026-02-02T12:20:04+00:00
365908,12,False,2026-02-02T12:21:47+00:00
365909,12,True,2026-02-02T15:16:21+00:00
365910,12,False,2026-02-02T15:20:22+00:00
365911,12,True,2026-02-02T16:53:13+00:00
365912,12,False,2026-02-02T16:59:01+00:00
365913,12,True,2026-02-02T16:56:54+00:00
365914,12,False,2026-02-02T17:01:18+00:00
365915,12,True,2026-02-02T17:24:18+00:00
365916,12,False,2026-02-02T17:28:58+00:00
365917,12,True,2026-02-02T22:38:53+00:00
365918,12,False,2026-02-02T22:44:38+00:00
365919,12,True,2026-02-02T22:43:19+00:00
365920,12,False,2026-02-02T22:48:07+00:00
365921,6,True,2026-01-26T23:01:40+00:00
365922,6,False,2026-01-26T23:06:47+00:00
365923,6,True,2026-01-26T23:23:32+00:00
365924,6,False,2026-01-26T23:25:15+00:00
365925,6,True,2026-01-27T09:10:13+00:00
365926,6,False,2026-01-27T09:12:02+00:00
365927,6,True,2026-01-27T10:20:02+00:00
365928,6,False,2026-01-27T10:23:45+00:00
365929,6,True,2026-01-27T10:23:44+00:00
365930,6,False,2026-01-27T10:25:42+00:00
365931,6,True,2026-01-27T13:29:45+00:00
365932,6,False,2026-01-27T13:35:09+00:00
365933,6,True,2026-01-27T14:13:12+00:00
365934,6,False,2026-01-27T14:18:58+00:00
365935,6,True,2026-01-27T19:40:44+00:00
365936,6,False,2026-01-27T19:45:25+00:00
365937,6,True,2026-01-27T19:41:47+00:00
365938,6,False,2026-01-27T19:44:28+00:00
365939,6,True,2026-01-27T23:43:55+00:00
365940,6,False,2026-01-27T23:44:57+00:00
365941,6,True,2026-01-27T23:49:47+00:00
365942,6,False,2026-01-27T23:51:19+00:00
365943,6,True,2026-01-28T02:58:01+00:00
365944,6,False,2026-01-28T03:00:41+00:00
365945,6,True,2026-01-28T10:48:12+00:00
365946,6,False,2026-01-28T10:51:52+00:00
365947,6,True,2026-01-28T11:49:02+00:00
365948,6,False,2026-01-28T11:55:02+00:00
365949,6,True,2026-01-28T13:34:13+00:00
365950,6,False,2026-01-28T13:35:56+00:00
365951,6,True,2026-01-28T14:42:26+00:00
365952,6,False,2026-01-28T14:45:28+00:00
365953,6,True,2026-01-28T17:22:18+00:00
365954,6,False,2026-01-28T17:24:30+00:00
365955,6,True,2026-01-28T17:35:35+00:00
365956,6,False,2026-01-28T17:37:45+00:00
365957,6,True,2026-01-28T17:37:09+00:00
365958,6,False,2026-01-28T17:42:18+00:00
365959,6,True,2026-01-28T19:31:07+00:00
365960,6,False,2026-01-28T19:36:17+00:00
365961,6,True,2026-01-28T23:03:03+00:00
365962,6,False,2026-01-28T23:07:53+00:00
365963,6,True,2026-01-29T01:14:33+00:00
365964,6,False,2026-01-29T01:17:12+00:00
365965,6,True,2026-01-29T09:43:26+00:00
365966,6,False,2026-01-29T09:48:37+00:00
365967,6,True,2026-01-29T10:30:19+00:00
365968,6,False,2026-01-29T10:35:29+00:00
365969,6,True,2026-01-29T11:56:39+00:00
365970,6,False,2026-01-29T11:59:31+00:00
365971,6,True,2026-01-29T13:31:51+00:00
365972,6,False,2026-01-29T13:37:32+00:00
365973,6,True,2026-01-29T16:09:45+00:00
365974,6,False,2026-01-29T16:13:02+00:00
365975,6,True,2026-01-29T16:30:30+00:00
365976,6,False,2026-01-29T16:34:37+00:00
365977,6,True,2026-01-29T17:08:55+00:00
365978,6,False,2026-01-29T17:13:40+00:00
365979,6,True,2026-01-29T23:56:59+00:00
365980,6,False,2026-01-30T00:00:00+00:00
365981,6,True,2026-01-30T07:54:37+00:00
365982,6,False,2026-01-30T07:58:36+00:00
365983,6,True,2026-01-30T13:16:02+00:00
365984,6,False,2026-01-30T13:17:32+00:00
365985,6,True,2026-01-30T13:30:38+00:00
365986,6,False,2026-01-30T13:36:13+00:00
365987,6,True,2026-01-30T13:52:50+00:00
365988,6,False,2026-01-30T13:56:19+00:00
365989,6,True,2026-01-30T13:53:01+00:00
365990,6,False,2026-01-30T13:58:24+00:00
365991,6,True,2026-01-30T17:36:30+00:00
365992,6,False,2026-01-30T17:38:18+00:00
365993,6,True,2026-01-30T18:32:22+00:00
365994,6,False,2026-01-30T18:34:29+00:00
365995,6,True,2026-01-30T19:09:17+00:00
365996,6,False,2026-01-30T19:12:23+00:00
365997,6,True,2026-01-30T20:31:27+00:00
365998,6,False,2026-01-30T20:36:37+00:00
365999,6,True,2026-01-30T23:58:12+00:00
366000,6,False,2026-01-31T00:00:00+00:00
366001,6,True,2026-01-31T08:31:56+00:00
366002,6,False,2026-01-31T08:36:04+00:00
366003,6,True,2026-01-31T10:41:35+00:00
366004,6,False,2026-01-31T10:47:32+00:00
366005,6,True,2026-01-31T16:10:22+00:00
366006,6,False,2026-01-31T16:14:25+00:00
366007,6,True,2026-01-31T17:46:42+00:00
366008,6,False,2026-01-31T17:51:05+00:00
366009,6,True,2026-01-31T20:26:39+00:00
366010,6,False,2026-01-31T20:30:24+00:00
366011,6,True,2026-01-31T22:30:10+00:00
366012,6,False,2026-01-31T22:36:05+00:00
366013,6,True,2026-02-01T06:54:22+00:00
366014,6,False,2026-02-01T06:59:17+00:00
366015,6,True,2026-02-01T12:00:22+00:00
366016,6,False,2026-02-01T12:05:01+00:00
366017,6,True,2026-02-01T16:01:00+00:00
366018,6,False,2026-02-01T16:03:07+00:00
366019,6,True,2026-02-01T16:09:19+00:00
366020,6,False,2026-02-01T16:12:39+00:00
366021,6,True,2026-02-01T21:23:04+00:00
366022,6,False,2026-02-01T21:25:28+00:00
366023,6,True,2026-02-02T06:49:48+00:00
366024,6,False,2026-02-02T06:51:36+00:00
366025,6,True,2026-02-02T11:57:58+00:00
366026,6,False,2026-02-02T12:00:05+00:00
366027,6,True,2026-02-02T12:04:24+00:00
366028,6,False,2026-02-02T12:06:31+00:00
366029,6,True,2026-02-02T12:05:04+00:00
366030,6,False,2026-02-02T12:06:49+00:00
366031,6,True,2026-02-02T13:05:51+00:00
366032,6,False,2026-02-02T13:09:31+00:00
366033,6,True,2026-02-02T15:07:38+00:00
366034,6,False,2026-02-02T15:11:53+00:00
366035,6,True,2026-02-02T15:50:38+00:00
366036,6,False,2026-02-02T15:52:46+00:00
366037,6,True,2026-02-02T22:49:43+00:00
366038,6,False,2026-02-02T22:55:31+00:00
366039,6,True,2026-02-03T10:01:36+00:00
366040,6,False,2026-02-03T10:04:27+00:00
366041,6,True,2026-02-03T11:36:27+00:00
366042,6,False,2026-02-03T11:38:30+00:00
366043,6,True,2026-02-03T13:16:21+00:00
366044,6,False,2026-02-03T13:18:04+00:00
366045,6,True,2026-02-03T14:15:19+00:00
366046,6,False,2026-02-03T14:18:44+00:00
366047,6,True,2026-02-03T14:31:15+00:00
366048,6,False,2026-02-03T14:34:49+00:00
366049,6,True,2026-02-03T14:51:45+00:00
366050,6,False,2026-02-03T14:54:21+00:00
366051,6,True,2026-02-03T17:52:02+00:00
366052,6,False,2026-02-03T17:53:29+00:00
366053,6,True,2026-02-03T21:30:44+00:00
366054,6,False,2026-02-03T21:32:41+00:00
366055,6,True,2026-02-03T22:30:16+00:00
366056,6,False,2026-02-03T22:31:52+00:00
366057,6,True,2026-02-04T01:12:04+00:00
366058,6,False,2026-02-04T01:16:22+00:00
366059,6,True,2026-02-04T07:34:21+00:00
366060,6,False,2026-02-04T07:39:22+00:00
366061,6,True,2026-02-04T10:58:23+00:00
366062,6,False,2026-02-04T10:59:31+00:00
366063,6,True,2026-02-04T12:21:45+00:00
366064,6,False,2026-02-04T12:27:04+00:00
366065,6,True,2026-02-04T12:33:01+00:00
366066,6,False,2026-02-04T12:37:33+00:00
366067,6,True,2026-02-04T15:37:20+00:00
366068,6,False,2026-02-04T15:42:54+00:00
366069,6,True,2026-02-04T20:49:15+00:00
366070,6,False,2026-02-04T20:50:55+00:00
366071,6,True,2026-02-05T03:33:23+00:00
366072,6,False,2026-02-05T03:39:23+00:00
366073,6,True,2026-02-05T06:36:06+00:00
366074,6,False,2026-02-05T06:40:49+00:00
366075,6,True,2026-02-05T08:49:23+00:00
366076,6,False,2026-02-05T08:50:52+00:00
366077,6,True,2026-02-05T11:51:14+00:00
366078,6,False,2026-02-05T11:53:13+00:00
366079,6,True,2026-02-05T12:06:55+00:00
366080,6,False,2026-02-05T12:09:05+00:00
366081,6,True,2026-02-05T13:05:13+00:00
366082,6,False,2026-02-05T13:09:10+00:00
366083,6,True,2026-02-05T13:35:55+00:00
366084,6,False,2026-02-05T13:39:07+00:00
366085,6,True,2026-02-05T17:59:23+00:00
366086,6,False,2026-02-05T18:02:40+00:00
366087,6,True,2026-02-05T21:02:57+00:00
366088,6,False,2026-02-05T21:07:36+00:00
366089,6,True,2026-02-06T10:08:35+00:00
366090,6,False,2026-02-06T10:12:39+00:00
366091,6,True,2026-02-06T10:38:57+00:00
366092,6,False,2026-02-06T10:41:22+00:00
366093,6,True,2026-02-06T13:02:59+00:00
366094,6,False,2026-02-06T13:05:55+00:00
366095,6,True,2026-02-06T17:13:25+00:00
366096,6,False,2026-02-06T17:14:31+00:00
366097,6,True,2026-02-06T18:19:18+00:00
366098,6,False,2026-02-06T18:23:52+00:00
366099,6,True,2026-02-06T19:21:57+00:00
366100,6,False,2026-02-06T19:25:40+00:00
366101,6,True,2026-02-06T19:37:44+00:00
366102,6,False,2026-02-06T19:41:54+00:00
366103,6,True,2026-02-06T23:01:56+00:00
366104,6,False,2026-02-06T23:03:22+00:00
366105,6,True,2026-02-07T00:37:38+00:00
366106,6,False,2026-02-07T00:42:36+00:00
366107,6,True,2026-02-07T06:47:10+00:00
366108,6,False,2026-02-07T06:52:53+00:00
366109,6,True,2026-02-07T08:58:44+00:00
366110,6,False,2026-02-07T09:02:13+00:00
366111,6,True,2026-02-07T15:21:07+00:00
366112,6,False,2026-02-07T15:26:19+00:00
366113,6,True,2026-02-07T16:13:21+00:00
366114,6,False,2026-02-07T16:19:00+00:00
366115,6,True,2026-02-07T17:23:08+00:00
366116,6,False,2026-02-07T17:24:11+00:00
366117,6,True,2026-02-07T18:00:47+00:00
366118,6,False,2026-02-07T18:04:59+00:00
366119,6,True,2026-02-07T18:05:14+00:00
366120,6,False,2026-02-07T18:07:07+00:00
366121,6,True,2026-02-07T21:02:57+00:00
366122,6,False,2026-02-07T21:07:31+00:00
366123,12,True,2026-02-02T23:02:59+00:00
366124,12,False,2026-02-02T23:08:25+00:00
366125,12,True,2026-02-02T23:06:21+00:00
366126,12,False,2026-02-02T23:11:15+00:00
366127,12,True,2026-02-02T23:15:48+00:00
366128,12,False,2026-02-02T23:17:36+00:00
366129,12,True,2026-02-03T08:39:17+00:00
366130,12,False,2026-02-03T08:42:30+00:00
366131,12,True,2026-02-03T14:07:34+00:00
366132,12,False,2026-02-03T14:09:12+00:00
366133,12,True,2026-02-03T14:28:31+00:00
366134,12,False,2026-02-03T14:34:30+00:00
366135,12,True,2026-02-03T14:53:42+00:00
366136,12,False,2026-02-03T14:58:32+00:00
366137,12,True,2026-02-03T14:58:10+00:00
366138,12,False,2026-02-03T15:03:44+00:00
366139,12,True,2026-02-03T16:07:15+00:00
366140,12,False,2026-02-03T16:12:06+00:00
366141,12,True,2026-02-03T18:49:22+00:00
366142,12,False,2026-02-03T18:51:42+00:00
366143,12,True,2026-02-04T08:59:01+00:00
366144,12,False,2026-02-04T09:01:16+00:00
366145,12,True,2026-02-04T12:26:44+00:00
366146,12,False,2026-02-04T12:29:57+00:00
366147,12,True,2026-02-04T14:43:12+00:00
366148,12,False,2026-02-04T14:47:39+00:00
366149,12,True,2026-02-04T15:36:24+00:00
366150,12,False,2026-02-04T15:42:05+00:00
366151,12,True,2026-02-04T16:40:25+00:00
366152,12,False,2026-02-04T16:42:36+00:00
366153,12,True,2026-02-04T19:11:23+00:00
366154,12,False,2026-02-04T19:15:48+00:00
366155,12,True,2026-02-04T19:48:12+00:00
366156,12,False,2026-02-04T19:49:55+00:00
366157,12,True,2026-02-05T07:47:59+00:00
366158,12,False,2026-02-05T07:52:46+00:00
366159,12,True,2026-02-05T12:23:19+00:00
366160,12,False,2026-02-05T12:25:45+00:00
366161,12,True,2026-02-05T12:27:39+00:00
366162,12,False,2026-02-05T12:32:01+00:00
366163,12,True,2026-02-05T13:06:54+00:00
366164,12,False,2026-02-05T13:11:32+00:00
366165,12,True,2026-02-05T16:11:45+00:00
366166,12,False,2026-02-05T16:14:20+00:00
366167,12,True,2026-02-05T18:18:55+00:00
366168,12,False,2026-02-05T18:22:00+00:00
366169,12,True,2026-02-05T23:35:23+00:00
366170,12,False,2026-02-05T23:41:04+00:00
366171,12,True,2026-02-06T06:10:39+00:00
366172,12,False,2026-02-06T06:14:42+00:00
366173,12,True,2026-02-06T09:28:53+00:00
366174,12,False,2026-02-06T09:32:49+00:00
366175,12,True,2026-02-06T10:56:54+00:00
366176,12,False,2026-02-06T11:01:12+00:00
366177,12,True,2026-02-06T12:16:00+00:00
366178,12,False,2026-02-06T12:21:01+00:00
366179,12,True,2026-02-06T12:31:59+00:00
366180,12,False,2026-02-06T12:34:58+00:00
366181,12,True,2026-02-06T14:33:25+00:00
366182,12,False,2026-02-06T14:36:28+00:00
366183,12,True,2026-02-06T19:59:49+00:00
366184,12,False,2026-02-06T20:05:43+00:00
366185,18,True,2026-02-06T23:12:01+00:00
366186,18,False,2026-02-06T23:15:43+00:00
366187,18,True,2026-02-06T23:16:08+00:00
366188,18,False,2026-02-06T23:17:22+00:00
366189,18,True,2026-02-07T07:42:48+00:00
366190,18,False,2026-02-07T07:46:26+00:00
366191,18,True,2026-02-07T10:28:49+00:00
366192,18,False,2026-02-07T10:30:17+00:00
366193,18,True,2026-02-07T10:56:04+00:00
366194,18,False,2026-02-07T11:01:33+00:00
366195,18,True,2026-02-07T13:11:15+00:00
366196,18,False,2026-02-07T13:15:00+00:00
366197,18,True,2026-02-07T13:36:55+00:00
366198,18,False,2026-02-07T13:39:07+00:00
366199,18,True,2026-02-07T15:06:05+00:00
366200,18,False,2026-02-07T15:10:11+00:00
366201,18,True,2026-02-07T18:55:10+00:00
366202,18,False,2026-02-07T18:58:55+00:00
366203,18,True,2026-02-07T20:44:48+00:00
366204,18,False,2026-02-07T20:49:31+00:00
366205,18,True,2026-02-07T21:03:48+00:00
366206,18,False,2026-02-07T21:07:30+00:00
366207,18,True,2026-02-07T23:20:02+00:00
366208,18,False,2026-02-07T23:24:04+00:00
366209,18,True,2026-02-08T06:00:58+00:00
366210,18,False,2026-02-08T06:06:51+00:00
366211,18,True,2026-02-08T13:39:26+00:00
366212,18,False,2026-02-08T13:43:08+00:00
366213,18,True,2026-02-08T17:28:59+00:00
366214,18,False,2026-02-08T17:31:52+00:00
366215,18,True,2026-02-08T18:42:29+00:00
366216,18,False,2026-02-08T18:46:26+00:00
366217,18,True,2026-02-08T19:16:48+00:00
366218,18,False,2026-02-08T19:18:33+00:00
366219,18,True,2026-02-08T20:09:58+00:00
366220,18,False,2026-02-08T20:13:49+00:00
366221,18,True,2026-02-08T21:00:51+00:00
366222,18,False,2026-02-08T21:03:58+00:00
366223,6,True,2026-02-07T23:03:17+00:00
366224,6,False,2026-02-07T23:07:34+00:00
366225,6,True,2026-02-08T04:58:12+00:00
366226,6,False,2026-02-08T05:02:24+00:00
366227,6,True,2026-02-08T07:28:49+00:00
366228,6,False,2026-02-08T07:33:40+00:00
366229,6,True,2026-02-08T08:03:11+00:00
366230,6,False,2026-02-08T08:06:41+00:00
366231,6,True,2026-02-08T11:55:30+00:00
366232,6,False,2026-02-08T11:57:23+00:00
366233,6,True,2026-02-08T12:40:57+00:00
366234,6,False,2026-02-08T12:46:04+00:00
366235,6,True,2026-02-08T12:50:50+00:00
366236,6,False,2026-02-08T12:53:14+00:00
366237,6,True,2026-02-08T13:27:52+00:00
366238,6,False,2026-02-08T13:29:19+00:00
366239,6,True,2026-02-08T15:04:33+00:00
366240,6,False,2026-02-08T15:07:10+00:00
366241,6,True,2026-02-08T16:58:45+00:00
366242,6,False,2026-02-08T17:04:21+00:00
366243,6,True,2026-02-08T18:27:06+00:00
366244,6,False,2026-02-08T18:31:27+00:00
366245,6,True,2026-02-08T18:52:22+00:00
366246,6,False,2026-02-08T18:54:40+00:00
366247,6,True,2026-02-09T01:49:02+00:00
366248,6,False,2026-02-09T01:50:51+00:00
366249,6,True,2026-02-09T06:44:44+00:00
366250,6,False,2026-02-09T06:46:43+00:00
366251,6,True,2026-02-09T10:18:37+00:00
366252,6,False,2026-02-09T10:23:47+00:00
366253,6,True,2026-02-09T13:40:58+00:00
366254,6,False,2026-02-09T13:45:46+00:00
366255,6,True,2026-02-09T13:41:53+00:00
366256,6,False,2026-02-09T13:45:07+00:00
366257,6,True,2026-02-09T15:21:44+00:00
366258,6,False,2026-02-09T15:23:15+00:00
366259,6,True,2026-02-09T15:22:37+00:00
366260,6,False,2026-02-09T15:24:26+00:00
366261,6,True,2026-02-09T15:28:19+00:00
366262,6,False,2026-02-09T15:33:56+00:00
366263,6,True,2026-02-09T18:33:18+00:00
366264,6,False,2026-02-09T18:37:36+00:00
366265,6,True,2026-02-09T23:02:20+00:00
366266,6,False,2026-02-09T23:07:54+00:00
366267,6,True,2026-02-10T06:43:07+00:00
366268,6,False,2026-02-10T06:47:29+00:00
366269,6,True,2026-02-10T08:43:12+00:00
366270,6,False,2026-02-10T08:48:29+00:00
366271,6,True,2026-02-10T13:05:41+00:00
366272,6,False,2026-02-10T13:08:06+00:00
366273,6,True,2026-02-10T13:34:24+00:00
366274,6,False,2026-02-10T13:36:28+00:00
366275,6,True,2026-02-10T16:05:14+00:00
366276,6,False,2026-02-10T16:09:56+00:00
366277,6,True,2026-02-10T20:20:50+00:00
366278,6,False,2026-02-10T20:24:33+00:00
366279,6,True,2026-02-10T23:24:58+00:00
366280,6,False,2026-02-10T23:26:32+00:00
366281,6,True,2026-02-11T04:43:49+00:00
366282,6,False,2026-02-11T04:48:43+00:00
366283,6,True,2026-02-11T10:45:23+00:00
366284,6,False,2026-02-11T10:49:57+00:00
366285,6,True,2026-02-11T11:20:53+00:00
366286,6,False,2026-02-11T11:26:43+00:00
366287,6,True,2026-02-11T11:40:16+00:00
366288,6,False,2026-02-11T11:42:07+00:00
366289,6,True,2026-02-11T14:36:14+00:00
366290,6,False,2026-02-11T14:40:10+00:00
366291,6,True,2026-02-11T16:52:31+00:00
366292,6,False,2026-02-11T16:57:39+00:00
366293,6,True,2026-02-11T20:30:24+00:00
366294,6,False,2026-02-11T20:32:37+00:00
366295,6,True,2026-02-11T21:40:04+00:00
366296,6,False,2026-02-11T21:44:29+00:00
366297,6,True,2026-02-12T03:23:24+00:00
366298,6,False,2026-02-12T03:24:34+00:00
366299,6,True,2026-02-12T08:33:06+00:00
366300,6,False,2026-02-12T08:34:56+00:00
366301,6,True,2026-02-12T10:28:29+00:00
366302,6,False,2026-02-12T10:32:02+00:00
366303,6,True,2026-02-12T14:27:08+00:00
366304,6,False,2026-02-12T14:28:53+00:00
366305,6,True,2026-02-12T15:47:36+00:00
366306,6,False,2026-02-12T15:52:04+00:00
366307,6,True,2026-02-12T17:30:23+00:00
366308,6,False,2026-02-12T17:34:34+00:00
366309,6,True,2026-02-12T17:52:33+00:00
366310,6,False,2026-02-12T17:54:54+00:00
366311,6,True,2026-02-12T18:15:48+00:00
366312,6,False,2026-02-12T18:18:16+00:00
366313,6,True,2026-02-12T19:14:04+00:00
366314,6,False,2026-02-12T19:15:33+00:00
366315,6,True,2026-02-12T22:46:19+00:00
366316,6,False,2026-02-12T22:50:23+00:00
366317,6,True,2026-02-12T23:10:34+00:00
366318,6,False,2026-02-12T23:15:31+00:00
366319,6,True,2026-02-13T01:36:59+00:00
366320,6,False,2026-02-13T01:42:01+00:00
366321,6,True,2026-02-13T08:21:15+00:00
366322,6,False,2026-02-13T08:23:01+00:00
366323,6,True,2026-02-13T13:57:02+00:00
366324,6,False,2026-02-13T13:59:57+00:00
366325,6,True,2026-02-13T14:00:53+00:00
366326,6,False,2026-02-13T14:05:22+00:00
366327,6,True,2026-02-13T17:12:31+00:00
366328,6,False,2026-02-13T17:13:35+00:00
366329,6,True,2026-02-13T18:04:37+00:00
366330,6,False,2026-02-13T18:07:31+00:00
366331,6,True,2026-02-13T23:28:18+00:00
366332,6,False,2026-02-13T23:31:54+00:00
366333,6,True,2026-02-14T08:45:00+00:00
366334,6,False,2026-02-14T08:49:23+00:00
366335,6,True,2026-02-14T10:44:20+00:00
366336,6,False,2026-02-14T10:48:31+00:00
366337,6,True,2026-02-14T12:34:51+00:00
366338,6,False,2026-02-14T12:38:43+00:00
366339,6,True,2026-02-14T12:59:02+00:00
366340,6,False,2026-02-14T13:02:23+00:00
366341,6,True,2026-02-14T14:43:00+00:00
366342,6,False,2026-02-14T14:46:32+00:00
366343,6,True,2026-02-14T16:23:05+00:00
366344,6,False,2026-02-14T16:26:08+00:00
366345,6,True,2026-02-14T18:13:54+00:00
366346,6,False,2026-02-14T18:19:08+00:00
366347,6,True,2026-02-14T19:16:25+00:00
366348,6,False,2026-02-14T19:20:59+00:00
366349,6,True,2026-02-14T20:54:32+00:00
366350,6,False,2026-02-14T21:00:30+00:00
366351,6,True,2026-02-14T23:57:56+00:00
366352,6,False,2026-02-15T00:00:00+00:00
366353,6,True,2026-02-15T03:15:47+00:00
366354,6,False,2026-02-15T03:21:06+00:00
366355,6,True,2026-02-15T07:38:55+00:00
366356,6,False,2026-02-15T07:40:44+00:00
366357,6,True,2026-02-15T08:40:26+00:00
366358,6,False,2026-02-15T08:46:12+00:00
366359,6,True,2026-02-15T11:04:52+00:00
366360,6,False,2026-02-15T11:08:43+00:00
366361,6,True,2026-02-15T14:47:42+00:00
366362,6,False,2026-02-15T14:51:52+00:00
366363,6,True,2026-02-15T15:00:56+00:00
366364,6,False,2026-02-15T15:02:56+00:00
366365,6,True,2026-02-15T15:49:38+00:00
366366,6,False,2026-02-15T15:55:36+00:00
366367,6,True,2026-02-15T19:05:26+00:00
366368,6,False,2026-02-15T19:10:57+00:00
366369,6,True,2026-02-15T19:46:14+00:00
366370,6,False,2026-02-15T19:48:31+00:00
366371,6,True,2026-02-15T21:28:26+00:00
366372,6,False,2026-02-15T21:32:55+00:00
366373,6,True,2026-02-15T22:33:19+00:00
366374,6,False,2026-02-15T22:38:13+00:00
366375,6,True,2026-02-16T06:31:40+00:00
366376,6,False,2026-02-16T06:32:42+00:00
366377,6,True,2026-02-16T11:46:31+00:00
366378,6,False,2026-02-16T11:48:57+00:00
366379,6,True,2026-02-16T13:10:40+00:00
366380,6,False,2026-02-16T13:15:22+00:00
366381,6,True,2026-02-16T17:35:35+00:00
366382,6,False,2026-02-16T17:40:39+00:00
366383,6,True,2026-02-16T18:07:41+00:00
366384,6,False,2026-02-16T18:11:25+00:00
366385,6,True,2026-02-16T21:23:45+00:00
366386,6,False,2026-02-16T21:24:54+00:00
366387,6,True,2026-02-17T10:34:53+00:00
366388,6,False,2026-02-17T10:38:29+00:00
366389,6,True,2026-02-17T11:21:29+00:00
366390,6,False,2026-02-17T11:25:01+00:00
366391,6,True,2026-02-17T13:13:04+00:00
366392,6,False,2026-02-17T13:17:07+00:00
366393,6,True,2026-02-17T15:07:10+00:00
366394,6,False,2026-02-17T15:11:36+00:00
366395,6,True,2026-02-17T15:56:50+00:00
366396,6,False,2026-02-17T15:58:57+00:00
366397,6,True,2026-02-17T16:27:42+00:00
366398,6,False,2026-02-17T16:33:00+00:00
366399,6,True,2026-02-17T21:24:54+00:00
366400,6,False,2026-02-17T21:28:04+00:00
366401,6,True,2026-02-18T06:10:46+00:00
366402,6,False,2026-02-18T06:12:10+00:00
366403,6,True,2026-02-18T06:59:02+00:00
366404,6,False,2026-02-18T07:03:16+00:00
366405,6,True,2026-02-18T11:56:56+00:00
366406,6,False,2026-02-18T11:59:14+00:00
366407,6,True,2026-02-18T14:44:26+00:00
366408,6,False,2026-02-18T14:46:17+00:00
366409,6,True,2026-02-18T15:49:51+00:00
366410,6,False,2026-02-18T15:52:01+00:00
366411,6,True,2026-02-18T20:34:23+00:00
366412,6,False,2026-02-18T20:36:21+00:00
366413,6,True,2026-02-19T04:45:42+00:00
366414,6,False,2026-02-19T04:48:25+00:00
366415,6,True,2026-02-19T06:21:31+00:00
366416,6,False,2026-02-19T06:27:11+00:00
366417,6,True,2026-02-19T12:01:29+00:00
366418,6,False,2026-02-19T12:03:25+00:00
366419,6,True,2026-02-19T12:06:57+00:00
366420,6,False,2026-02-19T12:09:13+00:00
366421,6,True,2026-02-19T12:48:36+00:00
366422,6,False,2026-02-19T12:50:14+00:00
366423,6,True,2026-02-19T14:08:04+00:00
366424,6,False,2026-02-19T14:11:15+00:00
366425,6,True,2026-02-19T15:00:33+00:00
366426,6,False,2026-02-19T15:04:04+00:00
366427,6,True,2026-02-19T18:21:32+00:00
366428,6,False,2026-02-19T18:25:36+00:00
366429,6,True,2026-02-19T20:38:41+00:00
366430,6,False,2026-02-19T20:40:40+00:00
366431,6,True,2026-02-19T23:44:10+00:00
366432,6,False,2026-02-19T23:46:37+00:00
366433,6,True,2026-02-19T23:45:17+00:00
366434,6,False,2026-02-19T23:48:34+00:00
366435,6,True,2026-02-20T09:38:52+00:00
366436,6,False,2026-02-20T09:43:16+00:00
366437,6,True,2026-02-20T13:01:44+00:00
366438,6,False,2026-02-20T13:03:51+00:00
366439,6,True,2026-02-20T13:31:05+00:00
366440,6,False,2026-02-20T13:33:26+00:00
366441,6,True,2026-02-20T15:50:19+00:00
366442,6,False,2026-02-20T15:55:26+00:00
366443,6,True,2026-02-20T16:21:11+00:00
366444,6,False,2026-02-20T16:23:43+00:00
366445,6,True,2026-02-20T17:54:21+00:00
366446,6,False,2026-02-20T17:55:35+00:00
366447,6,True,2026-02-20T22:23:49+00:00
366448,6,False,2026-02-20T22:25:46+00:00
366449,6,True,2026-02-20T22:26:34+00:00
366450,6,False,2026-02-20T22:28:06+00:00
366451,6,True,2026-02-21T09:04:45+00:00
366452,6,False,2026-02-21T09:06:33+00:00
366453,6,True,2026-02-21T10:43:29+00:00
366454,6,False,2026-02-21T10:48:35+00:00
366455,6,True,2026-02-21T10:45:41+00:00
366456,6,False,2026-02-21T10:49:58+00:00
366457,6,True,2026-02-21T12:06:21+00:00
366458,6,False,2026-02-21T12:08:41+00:00
366459,6,True,2026-02-21T17:51:22+00:00
366460,6,False,2026-02-21T17:56:35+00:00
366461,6,True,2026-02-21T20:11:33+00:00
366462,6,False,2026-02-21T20:12:58+00:00
366463,6,True,2026-02-21T20:31:54+00:00
366464,6,False,2026-02-21T20:36:07+00:00
366465,6,True,2026-02-21T20:55:06+00:00
366466,6,False,2026-02-21T21:00:01+00:00
366467,6,True,2026-02-21T21:00:42+00:00
366468,6,False,2026-02-21T21:02:27+00:00
366469,6,True,2026-02-22T06:19:34+00:00
366470,6,False,2026-02-22T06:25:19+00:00
366471,6,True,2026-02-22T09:45:11+00:00
366472,6,False,2026-02-22T09:48:46+00:00
366473,6,True,2026-02-22T12:29:38+00:00
366474,6,False,2026-02-22T12:33:27+00:00
366475,6,True,2026-02-22T14:01:44+00:00
366476,6,False,2026-02-22T14:06:46+00:00
366477,6,True,2026-02-22T15:06:09+00:00
366478,6,False,2026-02-22T15:11:00+00:00
366479,6,True,2026-02-22T15:18:26+00:00
366480,6,False,2026-02-22T15:21:19+00:00
366481,6,True,2026-02-22T16:08:11+00:00
366482,6,False,2026-02-22T16:11:40+00:00
366483,6,True,2026-02-22T18:25:00+00:00
366484,6,False,2026-02-22T18:27:24+00:00
366485,6,True,2026-02-23T00:58:24+00:00
366486,6,False,2026-02-23T01:01:34+00:00
366487,6,True,2026-02-23T07:57:44+00:00
366488,6,False,2026-02-23T08:00:21+00:00
366489,6,True,2026-02-23T10:09:36+00:00
366490,6,False,2026-02-23T10:14:08+00:00
366491,6,True,2026-02-23T16:06:02+00:00
366492,6,False,2026-02-23T16:11:20+00:00
366493,6,True,2026-02-23T16:09:47+00:00
366494,6,False,2026-02-23T16:15:18+00:00
366495,6,True,2026-02-23T19:36:46+00:00
366496,6,False,2026-02-23T19:42:42+00:00
366497,6,True,2026-02-23T22:23:44+00:00
366498,6,False,2026-02-23T22:25:37+00:00
366499,6,True,2026-02-23T22:37:37+00:00
366500,6,False,2026-02-23T22:41:21+00:00
366501,6,True,2026-02-23T23:19:33+00:00
366502,6,False,2026-02-23T23:22:40+00:00
366503,6,True,2026-02-24T01:12:50+00:00
366504,6,False,2026-02-24T01:15:00+00:00
366505,6,True,2026-02-24T08:43:14+00:00
366506,6,False,2026-02-24T08:46:54+00:00
366507,6,True,2026-02-24T10:39:46+00:00
366508,6,False,2026-02-24T10:42:37+00:00
366509,6,True,2026-02-24T10:59:10+00:00
366510,6,False,2026-02-24T11:02:38+00:00
366511,6,True,2026-02-24T13:37:06+00:00
366512,6,False,2026-02-24T13:42:43+00:00
366513,6,True,2026-02-24T16:35:11+00:00
366514,6,False,2026-02-24T16:37:10+00:00
366515,6,True,2026-02-24T17:55:02+00:00
366516,6,False,2026-02-24T18:01:00+00:00
366517,6,True,2026-02-24T18:06:58+00:00
366518,6,False,2026-02-24T18:12:25+00:00
366519,6,True,2026-02-24T20:36:09+00:00
366520,6,False,2026-02-24T20:37:36+00:00
366521,6,True,2026-02-24T21:50:40+00:00
366522,6,False,2026-02-24T21:53:02+00:00
366523,6,True,2026-02-24T22:51:34+00:00
366524,6,False,2026-02-24T22:53:48+00:00
366525,6,True,2026-02-25T00:55:58+00:00
366526,6,False,2026-02-25T01:01:45+00:00
366527,6,True,2026-02-25T08:09:45+00:00
366528,6,False,2026-02-25T08:13:12+00:00
366529,6,True,2026-02-25T09:32:23+00:00
366530,6,False,2026-02-25T09:36:38+00:00
366531,6,True,2026-02-25T10:39:01+00:00
366532,6,False,2026-02-25T10:42:41+00:00
366533,6,True,2026-02-25T13:50:54+00:00
366534,6,False,2026-02-25T13:55:02+00:00
366535,6,True,2026-02-25T14:03:10+00:00
366536,6,False,2026-02-25T14:05:50+00:00
366537,6,True,2026-02-25T16:01:58+00:00
366538,6,False,2026-02-25T16:05:28+00:00
366539,6,True,2026-02-25T17:38:54+00:00
366540,6,False,2026-02-25T17:40:32+00:00
366541,6,True,2026-02-25T21:26:00+00:00
366542,6,False,2026-02-25T21:27:20+00:00
366543,6,True,2026-02-26T01:24:32+00:00
366544,6,False,2026-02-26T01:25:52+00:00
366545,6,True,2026-02-26T11:41:32+00:00
366546,6,False,2026-02-26T11:45:06+00:00
366547,6,True,2026-02-26T12:39:48+00:00
366548,6,False,2026-02-26T12:42:22+00:00
366549,6,True,2026-02-26T14:00:07+00:00
366550,6,False,2026-02-26T14:02:28+00:00
366551,6,True,2026-02-26T14:53:35+00:00
366552,6,False,2026-02-26T14:55:22+00:00
366553,6,True,2026-02-26T16:46:56+00:00
366554,6,False,2026-02-26T16:50:45+00:00
366555,6,True,2026-02-26T18:04:48+00:00
366556,6,False,2026-02-26T18:08:45+00:00
366557,6,True,2026-02-26T19:02:39+00:00
366558,6,False,2026-02-26T19:05:43+00:00
366559,6,True,2026-02-26T23:06:33+00:00
366560,6,False,2026-02-26T23:10:17+00:00
366561,6,True,2026-02-26T23:54:36+00:00
366562,6,False,2026-02-26T23:56:34+00:00
366563,6,True,2026-02-27T04:25:51+00:00
366564,6,False,2026-02-27T04:27:13+00:00
366565,6,True,2026-02-27T06:44:58+00:00
366566,6,False,2026-02-27T06:46:47+00:00
366567,6,True,2026-02-27T10:40:39+00:00
366568,6,False,2026-02-27T10:46:14+00:00
366569,6,True,2026-02-27T13:56:25+00:00
366570,6,False,2026-02-27T13:58:18+00:00
366571,6,True,2026-02-27T15:51:40+00:00
366572,6,False,2026-02-27T15:56:22+00:00
366573,6,True,2026-02-27T17:43:47+00:00
366574,6,False,2026-02-27T17:46:05+00:00
366575,6,True,2026-02-27T18:47:47+00:00
366576,6,False,2026-02-27T18:49:24+00:00
366577,6,True,2026-02-28T09:31:55+00:00
366578,6,False,2026-02-28T09:36:45+00:00
366579,6,True,2026-02-28T09:42:37+00:00
366580,6,False,2026-02-28T09:43:45+00:00
366581,6,True,2026-02-28T17:37:42+00:00
366582,6,False,2026-02-28T17:39:14+00:00
366583,6,True,2026-02-28T17:50:18+00:00
366584,6,False,2026-02-28T17:51:55+00:00
366585,6,True,2026-02-28T18:47:14+00:00
366586,6,False,2026-02-28T18:51:58+00:00
366587,6,True,2026-02-28T20:33:44+00:00
366588,6,False,2026-02-28T20:34:59+00:00
366589,6,True,2026-02-28T20:44:34+00:00
366590,6,False,2026-02-28T20:46:43+00:00
